Workbook

Sheet Paste Run 1
A1: ExperimentName | B1: Subject | C1: Session | D1: Clock.Information | E1: DataFile.Basename | F1: Display.RefreshRate | G1: ExperimentVersion | H1: Group | I1: Instructions.Duration | J1: Instructions.DurationError | K1: Instructions.OffsetDelay | L1: Instructions.OffsetTime | M1: Instructions.OnsetDelay | N1: Instructions.OnsetTime | O1: Instructions.OnsetToOnsetTime | P1: Instructions.RESP | Q1: Instructions.RT | R1: Instructions.RTTime | S1: RandomSeed | T1: RuntimeCapabilities | U1: RuntimeVersion | V1: RuntimeVersionExpected | W1: SessionDate | X1: SessionStartDateTimeUtc | Y1: SessionTime | Z1: StudioVersion | AA1: Trigger.DEVICE | AB1: Trigger.Duration | AC1: Trigger.DurationError | AD1: Trigger.OffsetTime | AE1: Trigger.OnsetDelay | AF1: Trigger.OnsetTime | AG1: Trigger.OnsetToOnsetTime | AH1: Trigger.RESP | AI1: Trigger.RT | AJ1: Trigger.RTTime | AK1: Block | AL1: aptTrials | AM1: aptTrials.Cycle | AN1: aptTrials.Sample | AO1: Choice | AP1: currentChoice | AQ1: decideduration | AR1: decideNew.ACC | AS1: decideNew.CRESP | AT1: decideNew.Duration | AU1: decideNew.DurationError | AV1: decideNew.FinishTime | AW1: decideNew.OffsetDelay | AX1: decideNew.OffsetTime | AY1: decideNew.OnsetDelay | AZ1: decideNew.OnsetTime | BA1: decideNew.OnsetToOnsetTime | BB1: decideNew.PreRelease | BC1: decideNew.RESP | BD1: decideNew.RT | BE1: decideNew.RTTime | BF1: decideNew.StartTime | BG1: decideNew.TargetOffsetTime | BH1: decideNew.TargetOnsetTime | BI1: inputduration | BJ1: inputresponse.ACC | BK1: inputresponse.CRESP | BL1: inputresponse.DEVICE | BM1: inputresponse.Duration | BN1: inputresponse.DurationError | BO1: inputresponse.FinishTime | BP1: inputresponse.OffsetTime | BQ1: inputresponse.OnsetDelay | BR1: inputresponse.OnsetTime | BS1: inputresponse.OnsetToOnsetTime | BT1: inputresponse.PreRelease | BU1: inputresponse.RESP | BV1: inputresponse.RT | BW1: inputresponse.RTTime | BX1: inputresponse.StartTime | BY1: inputresponse.TargetOffsetTime | BZ1: inputresponse.TargetOnsetTime | CA1: ISI | CB1: ISI.ACC | CC1: ISI.CRESP | CD1: ISI.Duration | CE1: ISI.DurationError | CF1: ISI.FinishTime | CG1: ISI.OffsetDelay | CH1: ISI.OffsetTime | CI1: ISI.OnsetDelay | CJ1: ISI.OnsetTime | CK1: ISI.OnsetToOnsetTime | CL1: ISI.PreRelease | CM1: ISI.RESP | CN1: ISI.RT | CO1: ISI.RTTime | CP1: ISI.StartTime | CQ1: ISI.TargetOffsetTime | CR1: ISI.TargetOnsetTime | CS1: maxpos | CT1: minpos | CU1: pos1 | CV1: pos10 | CW1: pos11 | CX1: pos2 | CY1: pos3 | CZ1: pos4 | DA1: pos5 | DB1: pos6 | DC1: pos7 | DD1: pos8 | DE1: pos9 | DF1: price | DG1: Procedure | DH1: Running | DI1: start.Duration | DJ1: start.DurationError | DK1: start.OffsetTime | DL1: start.OnsetDelay | DM1: start.OnsetTime | DN1: start.OnsetToOnsetTime | DO1: submitduration | DP1: submitted.ACC | DQ1: submitted.CRESP | DR1: submitted.Duration | DS1: submitted.DurationError | DT1: submitted.FinishTime | DU1: submitted.OffsetDelay | DV1: submitted.OffsetTime | DW1: submitted.OnsetDelay | DX1: submitted.OnsetTime | DY1: submitted.OnsetToOnsetTime | DZ1: submitted.PreRelease | EA1: submitted.RESP | EB1: submitted.RT | EC1: submitted.RTTime | ED1: submitted.StartTime | EE1: submitted.TargetOffsetTime | EF1: submitted.TargetOnsetTime | EG1: trialnumber
A2: R01_NE_APT Run 1_Penultimate Prices EP3_Mar22 | B2: XXXX | C2: 1 | D2: <?xml version="1.0"?>\n<Clock xmlns:dt="urn:schemas-microsoft-com:datatypes"><Description dt:dt="string">E-Prime Primary Realtime Clock</Description><StartTime><Timestamp dt:dt="int">0</Timestamp><DateUtc dt:dt="string">2019-07-05T13:15:01Z</DateUtc></StartTime><FrequencyChanges><FrequencyChange><Frequency dt:dt="r8">2531445</Frequency><Timestamp dt:dt="r8">12159273989</Timestamp><Current dt:dt="r8">0</Current><DateUtc dt:dt="string">2019-07-05T13:15:01Z</DateUtc></FrequencyChange></FrequencyChanges></Clock>\n | E2: R01_NE_APT Run 1_Penultimate Prices EP3_Mar22-01002-1 | F2: 59.956 | G2: 1.0.0.107 | H2: 1 | I2: 6000 | J2: -57 | K2: 0 | L2: 24000 | M2: 57 | N2: 18157 | O2: 5954 | Q2: 0 | R2: 0 | S2: -725311415 | T2: Full | U2: 3.0.3.80 | V2: 3.0.3.80 | W2: 5/7/2019 | X2: 7/5/2019 13:15 | Y2: 0.38542824 | Z2: 3.0.3.82 | AA2: Keyboard | AB2: -1 | AC2: -999999 | AD2: 18100 | AE2: 41 | AF2: 6999 | AG2: 0 | AH2: 5 | AI2: 11101 | AJ2: 18100 | AK2: 1 | AL2: 1 | AM2: 1 | AN2: 1 | AO2: 7 | AP2: ? | AQ2: 4000 | AR2: 0 | AT2: 4000 | AU2: -11 | AV2: 28000 | AW2: 0 | AX2: 28000 | AY2: 11 | AZ2: 24111 | BA2: 4003 | BB2: 100 | BD2: 0 | BE2: 0 | BF2: 24002 | BG2: 28000 | BH2: 24100 | BI2: 7000 | BJ2: 0 | BL2: Keyboard | BM2: 7000 | BN2: -999999 | BO2: 32874 | BP2: 32874 | BQ2: 56 | BR2: 31634 | BS2: 0 | BT2: 100 | BU2: 1 | BV2: 1240 | BW2: 32874 | BX2: 31581 | BY2: 38478 | BZ2: 31578 | CA2: 6000 | CB2: 0 | CD2: 6000 | CE2: -3 | CF2: 41000 | CG2: 0 | CH2: 41000 | CI2: 3 | CJ2: 35103 | CK2: 0 | CL2: 100 | CN2: 0 | CO2: 0 | CP2: 35000 | CQ2: 41000 | CR2: 35100 | CS2: 15 | CT2: 4 | CU2: 0 | CV2: 9 | CW2: 10 | CX2: 1 | CY2: 2 | CZ2: 3 | DA2: 4 | DB2: 5 | DC2: 6 | DD2: 7 | DE2: 8 | DF2: $0.01 each? | DG2: aptTrialProc | DH2: aptTrials | DI2: 0 | DJ2: 0 | DK2: 28114 | DL2: 14 | DM2: 28114 | DN2: 67 | DO2: 7000 | DP2: 0 | DR2: 7000 | DS2: -4835 | DT2: 35000 | DU2: 0 | DV2: 35000 | DW2: 4835 | DX2: 32935 | DY2: 2168 | DZ2: 100 | EB2: 0 | EC2: 0 | ED2: 32877 | EE2: 35000 | EF2: 28100 | EG2: 1
A3: R01_NE_APT Run 1_Penultimate Prices EP3_Mar22 | B3: XXXX | C3: 1 | D3: <?xml version="1.0"?>\n<Clock xmlns:dt="urn:schemas-microsoft-com:datatypes"><Description dt:dt="string">E-Prime Primary Realtime Clock</Description><StartTime><Timestamp dt:dt="int">0</Timestamp><DateUtc dt:dt="string">2019-07-05T13:15:01Z</DateUtc></StartTime><FrequencyChanges><FrequencyChange><Frequency dt:dt="r8">2531445</Frequency><Timestamp dt:dt="r8">12159273989</Timestamp><Current dt:dt="r8">0</Current><DateUtc dt:dt="string">2019-07-05T13:15:01Z</DateUtc></FrequencyChange></FrequencyChanges></Clock>\n | E3: R01_NE_APT Run 1_Penultimate Prices EP3_Mar22-01002-1 | F3: 59.956 | G3: 1.0.0.107 | H3: 1 | I3: 6000 | J3: -57 | K3: 0 | L3: 24000 | M3: 57 | N3: 18157 | O3: 5954 | Q3: 0 | R3: 0 | S3: -725311415 | T3: Full | U3: 3.0.3.80 | V3: 3.0.3.80 | W3: 5/7/2019 | X3: 7/5/2019 13:15 | Y3: 0.38542824 | Z3: 3.0.3.82 | AA3: Keyboard | AB3: -1 | AC3: -999999 | AD3: 18100 | AE3: 41 | AF3: 6999 | AG3: 0 | AH3: 5 | AI3: 11101 | AJ3: 18100 | AK3: 2 | AL3: 2 | AM3: 1 | AN3: 2 | AO3: 5 | AP3: ? | AQ3: 4000 | AR3: 0 | AT3: 4000 | AU3: -7 | AV3: 45000 | AW3: 0 | AX3: 45000 | AY3: 7 | AZ3: 41107 | BA3: 4003 | BB3: 100 | BD3: 0 | BE3: 0 | BF3: 41005 | BG3: 45000 | BH3: 41100 | BI3: 7000 | BJ3: 0 | BL3: Keyboard | BM3: 7000 | BN3: -999999 | BO3: 48793 | BP3: 48793 | BQ3: 65 | BR3: 46962 | BS3: 0 | BT3: 100 | BU3: 1 | BV3: 1831 | BW3: 48793 | BX3: 46901 | BY3: 53797 | BZ3: 46897 | CA3: 12000 | CB3: 0 | CD3: 12000 | CE3: -16 | CF3: 64000 | CG3: 0 | CH3: 64000 | CI3: 16 | CJ3: 52116 | CK3: 0 | CL3: 100 | CN3: 0 | CO3: 0 | CP3: 52000 | CQ3: 64000 | CR3: 52100 | CS3: 15 | CT3: 4 | CU3: 0 | CV3: 9 | CW3: 10 | CX3: 1 | CY3: 2 | CZ3: 3 | DA3: 4 | DB3: 5 | DC3: 6 | DD3: 7 | DE3: 8 | DF3: $5.00 each? | DG3: aptTrialProc | DH3: aptTrials | DI3: 0 | DJ3: 1 | DK3: 45111 | DL3: 10 | DM3: 45110 | DN3: 51 | DO3: 7000 | DP3: 0 | DR3: 7000 | DS3: -3747 | DT3: 52000 | DU3: 0 | DV3: 52000 | DW3: 3747 | DX3: 48847 | DY3: 3269 | DZ3: 100 | EB3: 0 | EC3: 0 | ED3: 48795 | EE3: 52000 | EF3: 45100 | EG3: 2
A4: R01_NE_APT Run 1_Penultimate Prices EP3_Mar22 | B4: XXXX | C4: 1 | D4: <?xml version="1.0"?>\n<Clock xmlns:dt="urn:schemas-microsoft-com:datatypes"><Description dt:dt="string">E-Prime Primary Realtime Clock</Description><StartTime><Timestamp dt:dt="int">0</Timestamp><DateUtc dt:dt="string">2019-07-05T13:15:01Z</DateUtc></StartTime><FrequencyChanges><FrequencyChange><Frequency dt:dt="r8">2531445</Frequency><Timestamp dt:dt="r8">12159273989</Timestamp><Current dt:dt="r8">0</Current><DateUtc dt:dt="string">2019-07-05T13:15:01Z</DateUtc></FrequencyChange></FrequencyChanges></Clock>\n | E4: R01_NE_APT Run 1_Penultimate Prices EP3_Mar22-01002-1 | F4: 59.956 | G4: 1.0.0.107 | H4: 1 | I4: 6000 | J4: -57 | K4: 0 | L4: 24000 | M4: 57 | N4: 18157 | O4: 5954 | Q4: 0 | R4: 0 | S4: -725311415 | T4: Full | U4: 3.0.3.80 | V4: 3.0.3.80 | W4: 5/7/2019 | X4: 7/5/2019 13:15 | Y4: 0.38542824 | Z4: 3.0.3.82 | AA4: Keyboard | AB4: -1 | AC4: -999999 | AD4: 18100 | AE4: 41 | AF4: 6999 | AG4: 0 | AH4: 5 | AI4: 11101 | AJ4: 18100 | AK4: 3 | AL4: 3 | AM4: 1 | AN4: 3 | AO4: 0 | AP4: ? | AQ4: 4000 | AR4: 0 | AT4: 4000 | AU4: -8 | AV4: 68000 | AW4: 0 | AX4: 68000 | AY4: 8 | AZ4: 64108 | BA4: 4003 | BB4: 100 | BD4: 0 | BE4: 0 | BF4: 64005 | BG4: 68000 | BH4: 64100 | BI4: 7000 | BJ4: 0 | BL4: Keyboard | BM4: 7000 | BN4: -999999 | BO4: 71927 | BP4: 71927 | BQ4: 53 | BR4: 70980 | BS4: 0 | BT4: 100 | BU4: 1 | BV4: 947 | BW4: 71927 | BX4: 70930 | BY4: 77827 | BZ4: 70927 | CA4: 8000 | CB4: 0 | CD4: 8000 | CE4: 0 | CF4: 83000 | CG4: 0 | CH4: 83000 | CI4: 0 | CJ4: 75100 | CK4: 0 | CL4: 100 | CN4: 0 | CO4: 0 | CP4: 75000 | CQ4: 83000 | CR4: 75100 | CS4: 15 | CT4: 4 | CU4: 0 | CV4: 9 | CW4: 10 | CX4: 1 | CY4: 2 | CZ4: 3 | DA4: 4 | DB4: 5 | DC4: 6 | DD4: 7 | DE4: 8 | DF4: $50.00 each? | DG4: aptTrialProc | DH4: aptTrials | DI4: 0 | DJ4: 0 | DK4: 68111 | DL4: 11 | DM4: 68111 | DN4: 50 | DO4: 7000 | DP4: 0 | DR4: 7000 | DS4: -3881 | DT4: 75000 | DU4: 0 | DV4: 75000 | DW4: 3881 | DX4: 71981 | DY4: 3119 | DZ4: 100 | EB4: 0 | EC4: 0 | ED4: 71929 | EE4: 75000 | EF4: 68100 | EG4: 3
A5: R01_NE_APT Run 1_Penultimate Prices EP3_Mar22 | B5: XXXX | C5: 1 | D5: <?xml version="1.0"?>\n<Clock xmlns:dt="urn:schemas-microsoft-com:datatypes"><Description dt:dt="string">E-Prime Primary Realtime Clock</Description><StartTime><Timestamp dt:dt="int">0</Timestamp><DateUtc dt:dt="string">2019-07-05T13:15:01Z</DateUtc></StartTime><FrequencyChanges><FrequencyChange><Frequency dt:dt="r8">2531445</Frequency><Timestamp dt:dt="r8">12159273989</Timestamp><Current dt:dt="r8">0</Current><DateUtc dt:dt="string">2019-07-05T13:15:01Z</DateUtc></FrequencyChange></FrequencyChanges></Clock>\n | E5: R01_NE_APT Run 1_Penultimate Prices EP3_Mar22-01002-1 | F5: 59.956 | G5: 1.0.0.107 | H5: 1 | I5: 6000 | J5: -57 | K5: 0 | L5: 24000 | M5: 57 | N5: 18157 | O5: 5954 | Q5: 0 | R5: 0 | S5: -725311415 | T5: Full | U5: 3.0.3.80 | V5: 3.0.3.80 | W5: 5/7/2019 | X5: 7/5/2019 13:15 | Y5: 0.38542824 | Z5: 3.0.3.82 | AA5: Keyboard | AB5: -1 | AC5: -999999 | AD5: 18100 | AE5: 41 | AF5: 6999 | AG5: 0 | AH5: 5 | AI5: 11101 | AJ5: 18100 | AK5: 4 | AL5: 4 | AM5: 1 | AN5: 4 | AO5: 8 | AP5: ? | AQ5: 4000 | AR5: 0 | AT5: 4000 | AU5: -6 | AV5: 87000 | AW5: 0 | AX5: 87000 | AY5: 6 | AZ5: 83106 | BA5: 4003 | BB5: 100 | BD5: 0 | BE5: 0 | BF5: 83005 | BG5: 87000 | BH5: 83100 | BI5: 7000 | BJ5: 0 | BL5: Keyboard | BM5: 7000 | BN5: -999999 | BO5: 89638 | BP5: 89637 | BQ5: 53 | BR5: 88994 | BS5: 0 | BT5: 100 | BU5: 1 | BV5: 643 | BW5: 89637 | BX5: 88945 | BY5: 95841 | BZ5: 88941 | CA5: 4000 | CB5: 0 | CD5: 4000 | CE5: -14 | CF5: 98000 | CG5: 0 | CH5: 98000 | CI5: 14 | CJ5: 94114 | CK5: 0 | CL5: 100 | CN5: 0 | CO5: 0 | CP5: 94000 | CQ5: 98000 | CR5: 94100 | CS5: 15 | CT5: 4 | CU5: 0 | CV5: 9 | CW5: 10 | CX5: 1 | CY5: 2 | CZ5: 3 | DA5: 4 | DB5: 5 | DC5: 6 | DD5: 7 | DE5: 8 | DF5: $0.00 each? | DG5: aptTrialProc | DH5: aptTrials | DI5: 0 | DJ5: 0 | DK5: 87109 | DL5: 9 | DM5: 87109 | DN5: 50 | DO5: 7000 | DP5: 0 | DR5: 7000 | DS5: -2594 | DT5: 94000 | DU5: 0 | DV5: 94000 | DW5: 2594 | DX5: 89694 | DY5: 4420 | DZ5: 100 | EB5: 0 | EC5: 0 | ED5: 89640 | EE5: 94000 | EF5: 87100 | EG5: 4
A6: R01_NE_APT Run 1_Penultimate Prices EP3_Mar22 | B6: XXXX | C6: 1 | D6: <?xml version="1.0"?>\n<Clock xmlns:dt="urn:schemas-microsoft-com:datatypes"><Description dt:dt="string">E-Prime Primary Realtime Clock</Description><StartTime><Timestamp dt:dt="int">0</Timestamp><DateUtc dt:dt="string">2019-07-05T13:15:01Z</DateUtc></StartTime><FrequencyChanges><FrequencyChange><Frequency dt:dt="r8">2531445</Frequency><Timestamp dt:dt="r8">12159273989</Timestamp><Current dt:dt="r8">0</Current><DateUtc dt:dt="string">2019-07-05T13:15:01Z</DateUtc></FrequencyChange></FrequencyChanges></Clock>\n | E6: R01_NE_APT Run 1_Penultimate Prices EP3_Mar22-01002-1 | F6: 59.956 | G6: 1.0.0.107 | H6: 1 | I6: 6000 | J6: -57 | K6: 0 | L6: 24000 | M6: 57 | N6: 18157 | O6: 5954 | Q6: 0 | R6: 0 | S6: -725311415 | T6: Full | U6: 3.0.3.80 | V6: 3.0.3.80 | W6: 5/7/2019 | X6: 7/5/2019 13:15 | Y6: 0.38542824 | Z6: 3.0.3.82 | AA6: Keyboard | AB6: -1 | AC6: -999999 | AD6: 18100 | AE6: 41 | AF6: 6999 | AG6: 0 | AH6: 5 | AI6: 11101 | AJ6: 18100 | AK6: 5 | AL6: 5 | AM6: 1 | AN6: 5 | AO6: 2 | AP6: ? | AQ6: 4000 | AR6: 0 | AT6: 4000 | AU6: 0 | AV6: 102000 | AW6: 0 | AX6: 102000 | AY6: 0 | AZ6: 98100 | BA6: 4003 | BB6: 100 | BD6: 0 | BE6: 0 | BF6: 98005 | BG6: 102000 | BH6: 98100 | BI6: 7000 | BJ6: 0 | BL6: Keyboard | BM6: 7000 | BN6: -999999 | BO6: 106980 | BP6: 106980 | BQ6: 51 | BR6: 104455 | BS6: 0 | BT6: 100 | BU6: 1 | BV6: 2525 | BW6: 106980 | BX6: 104408 | BY6: 111304 | BZ6: 104404 | CA6: 4000 | CB6: 0 | CD6: 4000 | CE6: -9 | CF6: 113000 | CG6: 0 | CH6: 113000 | CI6: 9 | CJ6: 109109 | CK6: 0 | CL6: 100 | CN6: 0 | CO6: 0 | CP6: 109000 | CQ6: 113000 | CR6: 109100 | CS6: 15 | CT6: 4 | CU6: 0 | CV6: 9 | CW6: 10 | CX6: 1 | CY6: 2 | CZ6: 3 | DA6: 4 | DB6: 5 | DC6: 6 | DD6: 7 | DE6: 8 | DF6: $15.00 each? | DG6: aptTrialProc | DH6: aptTrials | DI6: 0 | DJ6: 0 | DK6: 102103 | DL6: 3 | DM6: 102103 | DN6: 51 | DO6: 7000 | DP6: 0 | DR6: 7000 | DS6: -4924 | DT6: 109000 | DU6: 0 | DV6: 109000 | DW6: 4924 | DX6: 107024 | DY6: 2085 | DZ6: 100 | EB6: 0 | EC6: 0 | ED6: 106982 | EE6: 109000 | EF6: 102100 | EG6: 5
A7: R01_NE_APT Run 1_Penultimate Prices EP3_Mar22 | B7: XXXX | C7: 1 | D7: <?xml version="1.0"?>\n<Clock xmlns:dt="urn:schemas-microsoft-com:datatypes"><Description dt:dt="string">E-Prime Primary Realtime Clock</Description><StartTime><Timestamp dt:dt="int">0</Timestamp><DateUtc dt:dt="string">2019-07-05T13:15:01Z</DateUtc></StartTime><FrequencyChanges><FrequencyChange><Frequency dt:dt="r8">2531445</Frequency><Timestamp dt:dt="r8">12159273989</Timestamp><Current dt:dt="r8">0</Current><DateUtc dt:dt="string">2019-07-05T13:15:01Z</DateUtc></FrequencyChange></FrequencyChanges></Clock>\n | E7: R01_NE_APT Run 1_Penultimate Prices EP3_Mar22-01002-1 | F7: 59.956 | G7: 1.0.0.107 | H7: 1 | I7: 6000 | J7: -57 | K7: 0 | L7: 24000 | M7: 57 | N7: 18157 | O7: 5954 | Q7: 0 | R7: 0 | S7: -725311415 | T7: Full | U7: 3.0.3.80 | V7: 3.0.3.80 | W7: 5/7/2019 | X7: 7/5/2019 13:15 | Y7: 0.38542824 | Z7: 3.0.3.82 | AA7: Keyboard | AB7: -1 | AC7: -999999 | AD7: 18100 | AE7: 41 | AF7: 6999 | AG7: 0 | AH7: 5 | AI7: 11101 | AJ7: 18100 | AK7: 6 | AL7: 6 | AM7: 1 | AN7: 6 | AO7: 8 | AP7: ? | AQ7: 4000 | AR7: 0 | AT7: 4000 | AU7: -12 | AV7: 117000 | AW7: 0 | AX7: 117000 | AY7: 12 | AZ7: 113112 | BA7: 4003 | BB7: 100 | BD7: 0 | BE7: 0 | BF7: 113005 | BG7: 117000 | BH7: 113100 | BI7: 7000 | BJ7: 0 | BL7: Keyboard | BM7: 7000 | BN7: -999999 | BO7: 120771 | BP7: 120771 | BQ7: 54 | BR7: 120401 | BS7: 0 | BT7: 100 | BU7: 1 | BV7: 370 | BW7: 120771 | BX7: 120352 | BY7: 127247 | BZ7: 120347 | CA7: 2000 | CB7: 0 | CD7: 2000 | CE7: -3 | CF7: 126000 | CG7: 0 | CH7: 126000 | CI7: 3 | CJ7: 124103 | CK7: 0 | CL7: 100 | CN7: 0 | CO7: 0 | CP7: 124000 | CQ7: 126000 | CR7: 124100 | CS7: 15 | CT7: 4 | CU7: 0 | CV7: 9 | CW7: 10 | CX7: 1 | CY7: 2 | CZ7: 3 | DA7: 4 | DB7: 5 | DC7: 6 | DD7: 7 | DE7: 8 | DF7: $0.05 each? | DG7: aptTrialProc | DH7: aptTrials | DI7: 0 | DJ7: 0 | DK7: 117115 | DL7: 15 | DM7: 117115 | DN7: 50 | DO7: 7000 | DP7: 0 | DR7: 7000 | DS7: -3734 | DT7: 124000 | DU7: 0 | DV7: 124000 | DW7: 3734 | DX7: 120834 | DY7: 3269 | DZ7: 100 | EB7: 0 | EC7: 0 | ED7: 120773 | EE7: 124000 | EF7: 117100 | EG7: 6
A8: R01_NE_APT Run 1_Penultimate Prices EP3_Mar22 | B8: XXXX | C8: 1 | D8: <?xml version="1.0"?>\n<Clock xmlns:dt="urn:schemas-microsoft-com:datatypes"><Description dt:dt="string">E-Prime Primary Realtime Clock</Description><StartTime><Timestamp dt:dt="int">0</Timestamp><DateUtc dt:dt="string">2019-07-05T13:15:01Z</DateUtc></StartTime><FrequencyChanges><FrequencyChange><Frequency dt:dt="r8">2531445</Frequency><Timestamp dt:dt="r8">12159273989</Timestamp><Current dt:dt="r8">0</Current><DateUtc dt:dt="string">2019-07-05T13:15:01Z</DateUtc></FrequencyChange></FrequencyChanges></Clock>\n | E8: R01_NE_APT Run 1_Penultimate Prices EP3_Mar22-01002-1 | F8: 59.956 | G8: 1.0.0.107 | H8: 1 | I8: 6000 | J8: -57 | K8: 0 | L8: 24000 | M8: 57 | N8: 18157 | O8: 5954 | Q8: 0 | R8: 0 | S8: -725311415 | T8: Full | U8: 3.0.3.80 | V8: 3.0.3.80 | W8: 5/7/2019 | X8: 7/5/2019 13:15 | Y8: 0.38542824 | Z8: 3.0.3.82 | AA8: Keyboard | AB8: -1 | AC8: -999999 | AD8: 18100 | AE8: 41 | AF8: 6999 | AG8: 0 | AH8: 5 | AI8: 11101 | AJ8: 18100 | AK8: 7 | AL8: 7 | AM8: 1 | AN8: 7 | AO8: 0 | AP8: ? | AQ8: 4000 | AR8: 0 | AT8: 4000 | AU8: -5 | AV8: 130000 | AW8: 0 | AX8: 130000 | AY8: 5 | AZ8: 126105 | BA8: 4003 | BB8: 100 | BD8: 0 | BE8: 0 | BF8: 126005 | BG8: 130000 | BH8: 126100 | BI8: 7000 | BJ8: 0 | BL8: Keyboard | BM8: 7000 | BN8: -999999 | BO8: 133722 | BP8: 133722 | BQ8: 63 | BR8: 133377 | BS8: 0 | BT8: 100 | BU8: 1 | BV8: 345 | BW8: 133722 | BX8: 133318 | BY8: 140214 | BZ8: 133314 | CA8: 8000 | CB8: 0 | CD8: 8000 | CE8: -13 | CF8: 145000 | CG8: 0 | CH8: 145000 | CI8: 13 | CJ8: 137113 | CK8: 0 | CL8: 100 | CN8: 0 | CO8: 0 | CP8: 137000 | CQ8: 145000 | CR8: 137100 | CS8: 15 | CT8: 4 | CU8: 0 | CV8: 9 | CW8: 10 | CX8: 1 | CY8: 2 | CZ8: 3 | DA8: 4 | DB8: 5 | DC8: 6 | DD8: 7 | DE8: 8 | DF8: $40.00 each? | DG8: aptTrialProc | DH8: aptTrials | DI8: 0 | DJ8: 0 | DK8: 130108 | DL8: 8 | DM8: 130108 | DN8: 50 | DO8: 7000 | DP8: 0 | DR8: 7000 | DS8: -3694 | DT8: 137000 | DU8: 0 | DV8: 137000 | DW8: 3694 | DX8: 133794 | DY8: 3319 | DZ8: 100 | EB8: 0 | EC8: 0 | ED8: 133726 | EE8: 137000 | EF8: 130100 | EG8: 7
A9: R01_NE_APT Run 1_Penultimate Prices EP3_Mar22 | B9: XXXX | C9: 1 | D9: <?xml version="1.0"?>\n<Clock xmlns:dt="urn:schemas-microsoft-com:datatypes"><Description dt:dt="string">E-Prime Primary Realtime Clock</Description><StartTime><Timestamp dt:dt="int">0</Timestamp><DateUtc dt:dt="string">2019-07-05T13:15:01Z</DateUtc></StartTime><FrequencyChanges><FrequencyChange><Frequency dt:dt="r8">2531445</Frequency><Timestamp dt:dt="r8">12159273989</Timestamp><Current dt:dt="r8">0</Current><DateUtc dt:dt="string">2019-07-05T13:15:01Z</DateUtc></FrequencyChange></FrequencyChanges></Clock>\n | E9: R01_NE_APT Run 1_Penultimate Prices EP3_Mar22-01002-1 | F9: 59.956 | G9: 1.0.0.107 | H9: 1 | I9: 6000 | J9: -57 | K9: 0 | L9: 24000 | M9: 57 | N9: 18157 | O9: 5954 | Q9: 0 | R9: 0 | S9: -725311415 | T9: Full | U9: 3.0.3.80 | V9: 3.0.3.80 | W9: 5/7/2019 | X9: 7/5/2019 13:15 | Y9: 0.38542824 | Z9: 3.0.3.82 | AA9: Keyboard | AB9: -1 | AC9: -999999 | AD9: 18100 | AE9: 41 | AF9: 6999 | AG9: 0 | AH9: 5 | AI9: 11101 | AJ9: 18100 | AK9: 8 | AL9: 8 | AM9: 1 | AN9: 8 | AO9: 3 | AP9: ? | AQ9: 4000 | AR9: 0 | AT9: 4000 | AU9: -2 | AV9: 149000 | AW9: 0 | AX9: 149000 | AY9: 2 | AZ9: 145102 | BA9: 4003 | BB9: 100 | BD9: 0 | BE9: 0 | BF9: 145005 | BG9: 149000 | BH9: 145100 | BI9: 7000 | BJ9: 0 | BL9: Keyboard | BM9: 7000 | BN9: -999999 | BO9: 152033 | BP9: 152033 | BQ9: 75 | BR9: 151724 | BS9: 0 | BT9: 100 | BU9: 1 | BV9: 309 | BW9: 152033 | BX9: 151654 | BY9: 158549 | BZ9: 151649 | CA9: 8000 | CB9: 0 | CD9: 8000 | CE9: -11 | CF9: 164000 | CG9: 0 | CH9: 164000 | CI9: 11 | CJ9: 156111 | CK9: 0 | CL9: 100 | CN9: 0 | CO9: 0 | CP9: 156000 | CQ9: 164000 | CR9: 156100 | CS9: 15 | CT9: 4 | CU9: 0 | CV9: 9 | CW9: 10 | CX9: 1 | CY9: 2 | CZ9: 3 | DA9: 4 | DB9: 5 | DC9: 6 | DD9: 7 | DE9: 8 | DF9: $13.00 each? | DG9: aptTrialProc | DH9: aptTrials | DI9: 0 | DJ9: 1 | DK9: 149106 | DL9: 5 | DM9: 149105 | DN9: 51 | DO9: 7000 | DP9: 0 | DR9: 7000 | DS9: -2991 | DT9: 156000 | DU9: 0 | DV9: 156000 | DW9: 2991 | DX9: 152091 | DY9: 4020 | DZ9: 100 | EB9: 0 | EC9: 0 | ED9: 152036 | EE9: 156000 | EF9: 149100 | EG9: 8
A10: R01_NE_APT Run 1_Penultimate Prices EP3_Mar22 | B10: XXXX | C10: 1 | D10: <?xml version="1.0"?>\n<Clock xmlns:dt="urn:schemas-microsoft-com:datatypes"><Description dt:dt="string">E-Prime Primary Realtime Clock</Description><StartTime><Timestamp dt:dt="int">0</Timestamp><DateUtc dt:dt="string">2019-07-05T13:15:01Z</DateUtc></StartTime><FrequencyChanges><FrequencyChange><Frequency dt:dt="r8">2531445</Frequency><Timestamp dt:dt="r8">12159273989</Timestamp><Current dt:dt="r8">0</Current><DateUtc dt:dt="string">2019-07-05T13:15:01Z</DateUtc></FrequencyChange></FrequencyChanges></Clock>\n | E10: R01_NE_APT Run 1_Penultimate Prices EP3_Mar22-01002-1 | F10: 59.956 | G10: 1.0.0.107 | H10: 1 | I10: 6000 | J10: -57 | K10: 0 | L10: 24000 | M10: 57 | N10: 18157 | O10: 5954 | Q10: 0 | R10: 0 | S10: -725311415 | T10: Full | U10: 3.0.3.80 | V10: 3.0.3.80 | W10: 5/7/2019 | X10: 7/5/2019 13:15 | Y10: 0.38542824 | Z10: 3.0.3.82 | AA10: Keyboard | AB10: -1 | AC10: -999999 | AD10: 18100 | AE10: 41 | AF10: 6999 | AG10: 0 | AH10: 5 | AI10: 11101 | AJ10: 18100 | AK10: 9 | AL10: 9 | AM10: 1 | AN10: 9 | AO10: 0 | AP10: ? | AQ10: 4000 | AR10: 0 | AT10: 4000 | AU10: 0 | AV10: 168000 | AW10: 0 | AX10: 168000 | AY10: 0 | AZ10: 164100 | BA10: 4003 | BB10: 100 | BD10: 0 | BE10: 0 | BF10: 164005 | BG10: 168000 | BH10: 164100 | BI10: 7000 | BJ10: 0 | BL10: Keyboard | BM10: 7000 | BN10: -999999 | BO10: 171415 | BP10: 171415 | BQ10: 49 | BR10: 171072 | BS10: 0 | BT10: 100 | BU10: 1 | BV10: 343 | BW10: 171415 | BX10: 171027 | BY10: 177923 | BZ10: 171023 | CA10: 10000 | CB10: 0 | CD10: 10000 | CE10: -8 | CF10: 185000 | CG10: 0 | CH10: 185000 | CI10: 8 | CJ10: 175108 | CK10: 0 | CL10: 100 | CN10: 0 | CO10: 0 | CP10: 175000 | CQ10: 185000 | CR10: 175100 | CS10: 15 | CT10: 4 | CU10: 0 | CV10: 9 | CW10: 10 | CX10: 1 | CY10: 2 | CZ10: 3 | DA10: 4 | DB10: 5 | DC10: 6 | DD10: 7 | DE10: 8 | DF10: $80.00 each? | DG10: aptTrialProc | DH10: aptTrials | DI10: 0 | DJ10: 0 | DK10: 168103 | DL10: 3 | DM10: 168103 | DN10: 50 | DO10: 7000 | DP10: 0 | DR10: 7000 | DS10: -3372 | DT10: 175000 | DU10: 0 | DV10: 175000 | DW10: 3372 | DX10: 171472 | DY10: 3636 | DZ10: 100 | EB10: 0 | EC10: 0 | ED10: 171417 | EE10: 175000 | EF10: 168100 | EG10: 9
A11: R01_NE_APT Run 1_Penultimate Prices EP3_Mar22 | B11: XXXX | C11: 1 | D11: <?xml version="1.0"?>\n<Clock xmlns:dt="urn:schemas-microsoft-com:datatypes"><Description dt:dt="string">E-Prime Primary Realtime Clock</Description><StartTime><Timestamp dt:dt="int">0</Timestamp><DateUtc dt:dt="string">2019-07-05T13:15:01Z</DateUtc></StartTime><FrequencyChanges><FrequencyChange><Frequency dt:dt="r8">2531445</Frequency><Timestamp dt:dt="r8">12159273989</Timestamp><Current dt:dt="r8">0</Current><DateUtc dt:dt="string">2019-07-05T13:15:01Z</DateUtc></FrequencyChange></FrequencyChanges></Clock>\n | E11: R01_NE_APT Run 1_Penultimate Prices EP3_Mar22-01002-1 | F11: 59.956 | G11: 1.0.0.107 | H11: 1 | I11: 6000 | J11: -57 | K11: 0 | L11: 24000 | M11: 57 | N11: 18157 | O11: 5954 | Q11: 0 | R11: 0 | S11: -725311415 | T11: Full | U11: 3.0.3.80 | V11: 3.0.3.80 | W11: 5/7/2019 | X11: 7/5/2019 13:15 | Y11: 0.38542824 | Z11: 3.0.3.82 | AA11: Keyboard | AB11: -1 | AC11: -999999 | AD11: 18100 | AE11: 41 | AF11: 6999 | AG11: 0 | AH11: 5 | AI11: 11101 | AJ11: 18100 | AK11: 10 | AL11: 10 | AM11: 1 | AN11: 10 | AO11: 8 | AP11: ? | AQ11: 4000 | AR11: 0 | AT11: 4000 | AU11: -16 | AV11: 189000 | AW11: 0 | AX11: 189000 | AY11: 16 | AZ11: 185116 | BA11: 3986 | BB11: 100 | BD11: 0 | BE11: 0 | BF11: 185005 | BG11: 189000 | BH11: 185100 | BI11: 7000 | BJ11: 0 | BL11: Keyboard | BM11: 7000 | BN11: -999999 | BO11: 191438 | BP11: 191438 | BQ11: 49 | BR11: 191087 | BS11: 0 | BT11: 100 | BU11: 1 | BV11: 350 | BW11: 191437 | BX11: 191042 | BY11: 197938 | BZ11: 191038 | CA11: 4000 | CB11: 0 | CD11: 4000 | CE11: -8 | CF11: 200000 | CG11: 0 | CH11: 200000 | CI11: 8 | CJ11: 196108 | CK11: 0 | CL11: 100 | CN11: 0 | CO11: 0 | CP11: 196000 | CQ11: 200000 | CR11: 196100 | CS11: 15 | CT11: 4 | CU11: 0 | CV11: 9 | CW11: 10 | CX11: 1 | CY11: 2 | CZ11: 3 | DA11: 4 | DB11: 5 | DC11: 6 | DD11: 7 | DE11: 8 | DF11: $0.01 each? | DG11: aptTrialProc | DH11: aptTrials | DI11: 0 | DJ11: 0 | DK11: 189102 | DL11: 2 | DM11: 189102 | DN11: 50 | DO11: 7000 | DP11: 0 | DR11: 7000 | DS11: -2387 | DT11: 196000 | DU11: 0 | DV11: 196000 | DW11: 2387 | DX11: 191487 | DY11: 4621 | DZ11: 100 | EB11: 0 | EC11: 0 | ED11: 191441 | EE11: 196000 | EF11: 189100 | EG11: 10
A12: R01_NE_APT Run 1_Penultimate Prices EP3_Mar22 | B12: XXXX | C12: 1 | D12: <?xml version="1.0"?>\n<Clock xmlns:dt="urn:schemas-microsoft-com:datatypes"><Description dt:dt="string">E-Prime Primary Realtime Clock</Description><StartTime><Timestamp dt:dt="int">0</Timestamp><DateUtc dt:dt="string">2019-07-05T13:15:01Z</DateUtc></StartTime><FrequencyChanges><FrequencyChange><Frequency dt:dt="r8">2531445</Frequency><Timestamp dt:dt="r8">12159273989</Timestamp><Current dt:dt="r8">0</Current><DateUtc dt:dt="string">2019-07-05T13:15:01Z</DateUtc></FrequencyChange></FrequencyChanges></Clock>\n | E12: R01_NE_APT Run 1_Penultimate Prices EP3_Mar22-01002-1 | F12: 59.956 | G12: 1.0.0.107 | H12: 1 | I12: 6000 | J12: -57 | K12: 0 | L12: 24000 | M12: 57 | N12: 18157 | O12: 5954 | Q12: 0 | R12: 0 | S12: -725311415 | T12: Full | U12: 3.0.3.80 | V12: 3.0.3.80 | W12: 5/7/2019 | X12: 7/5/2019 13:15 | Y12: 0.38542824 | Z12: 3.0.3.82 | AA12: Keyboard | AB12: -1 | AC12: -999999 | AD12: 18100 | AE12: 41 | AF12: 6999 | AG12: 0 | AH12: 5 | AI12: 11101 | AJ12: 18100 | AK12: 11 | AL12: 11 | AM12: 1 | AN12: 11 | AO12: 0 | AP12: ? | AQ12: 4000 | AR12: 0 | AT12: 4000 | AU12: -11 | AV12: 204000 | AW12: 0 | AX12: 204000 | AY12: 11 | AZ12: 200111 | BA12: 4003 | BB12: 100 | BD12: 0 | BE12: 0 | BF12: 200005 | BG12: 204000 | BH12: 200100 | BI12: 7000 | BJ12: 0 | BL12: Keyboard | BM12: 7000 | BN12: -999999 | BO12: 207596 | BP12: 207596 | BQ12: 46 | BR12: 207266 | BS12: 0 | BT12: 100 | BU12: 1 | BV12: 330 | BW12: 207596 | BX12: 207224 | BY12: 214120 | BZ12: 207220 | CA12: 4000 | CB12: 0 | CD12: 4000 | CE12: -2 | CF12: 215000 | CG12: 0 | CH12: 215000 | CI12: 2 | CJ12: 211102 | CK12: 0 | CL12: 100 | CN12: 0 | CO12: 0 | CP12: 211000 | CQ12: 215000 | CR12: 211100 | CS12: 15 | CT12: 4 | CU12: 0 | CV12: 9 | CW12: 10 | CX12: 1 | CY12: 2 | CZ12: 3 | DA12: 4 | DB12: 5 | DC12: 6 | DD12: 7 | DE12: 8 | DF12: $30.00 each? | DG12: aptTrialProc | DH12: aptTrials | DI12: 0 | DJ12: 0 | DK12: 204114 | DL12: 14 | DM12: 204114 | DN12: 50 | DO12: 7000 | DP12: 0 | DR12: 7000 | DS12: -3550 | DT12: 211000 | DU12: 0 | DV12: 211000 | DW12: 3550 | DX12: 207650 | DY12: 3452 | DZ12: 100 | EB12: 0 | EC12: 0 | ED12: 207600 | EE12: 211000 | EF12: 204100 | EG12: 11
A13: R01_NE_APT Run 1_Penultimate Prices EP3_Mar22 | B13: XXXX | C13: 1 | D13: <?xml version="1.0"?>\n<Clock xmlns:dt="urn:schemas-microsoft-com:datatypes"><Description dt:dt="string">E-Prime Primary Realtime Clock</Description><StartTime><Timestamp dt:dt="int">0</Timestamp><DateUtc dt:dt="string">2019-07-05T13:15:01Z</DateUtc></StartTime><FrequencyChanges><FrequencyChange><Frequency dt:dt="r8">2531445</Frequency><Timestamp dt:dt="r8">12159273989</Timestamp><Current dt:dt="r8">0</Current><DateUtc dt:dt="string">2019-07-05T13:15:01Z</DateUtc></FrequencyChange></FrequencyChanges></Clock>\n | E13: R01_NE_APT Run 1_Penultimate Prices EP3_Mar22-01002-1 | F13: 59.956 | G13: 1.0.0.107 | H13: 1 | I13: 6000 | J13: -57 | K13: 0 | L13: 24000 | M13: 57 | N13: 18157 | O13: 5954 | Q13: 0 | R13: 0 | S13: -725311415 | T13: Full | U13: 3.0.3.80 | V13: 3.0.3.80 | W13: 5/7/2019 | X13: 7/5/2019 13:15 | Y13: 0.38542824 | Z13: 3.0.3.82 | AA13: Keyboard | AB13: -1 | AC13: -999999 | AD13: 18100 | AE13: 41 | AF13: 6999 | AG13: 0 | AH13: 5 | AI13: 11101 | AJ13: 18100 | AK13: 12 | AL13: 12 | AM13: 1 | AN13: 12 | AO13: 8 | AP13: ? | AQ13: 4000 | AR13: 0 | AT13: 4000 | AU13: -5 | AV13: 219000 | AW13: 0 | AX13: 219000 | AY13: 5 | AZ13: 215105 | BA13: 4003 | BB13: 100 | BD13: 0 | BE13: 0 | BF13: 215005 | BG13: 219000 | BH13: 215100 | BI13: 7000 | BJ13: 0 | BL13: Keyboard | BM13: 7000 | BN13: -999999 | BO13: 221339 | BP13: 221339 | BQ13: 63 | BR13: 221026 | BS13: 0 | BT13: 100 | BU13: 1 | BV13: 313 | BW13: 221339 | BX13: 220967 | BY13: 227863 | BZ13: 220963 | CA13: 2000 | CB13: 0 | CD13: 2000 | CE13: -14 | CF13: 228000 | CG13: 0 | CH13: 228000 | CI13: 14 | CJ13: 226114 | CK13: 0 | CL13: 100 | CN13: 0 | CO13: 0 | CP13: 226000 | CQ13: 228000 | CR13: 226100 | CS13: 15 | CT13: 4 | CU13: 0 | CV13: 9 | CW13: 10 | CX13: 1 | CY13: 2 | CZ13: 3 | DA13: 4 | DB13: 5 | DC13: 6 | DD13: 7 | DE13: 8 | DF13: $0.02 each? | DG13: aptTrialProc | DH13: aptTrials | DI13: 0 | DJ13: 0 | DK13: 219108 | DL13: 8 | DM13: 219108 | DN13: 50 | DO13: 7000 | DP13: 0 | DR13: 7000 | DS13: -2293 | DT13: 226000 | DU13: 0 | DV13: 226000 | DW13: 2293 | DX13: 221393 | DY13: 4721 | DZ13: 100 | EB13: 0 | EC13: 0 | ED13: 221341 | EE13: 226000 | EF13: 219100 | EG13: 12
... A31: R01_NE_APT Run 1_Penultimate Prices EP3_Mar22 | B31: XXXX | C31: 1 | D31: <?xml version="1.0"?>\n<Clock xmlns:dt="urn:schemas-microsoft-com:datatypes"><Description dt:dt="string">E-Prime Primary Realtime Clock</Description><StartTime><Timestamp dt:dt="int">0</Timestamp><DateUtc dt:dt="string">2019-07-05T13:15:01Z</DateUtc></StartTime><FrequencyChanges><FrequencyChange><Frequency dt:dt="r8">2531445</Frequency><Timestamp dt:dt="r8">12159273989</Timestamp><Current dt:dt="r8">0</Current><DateUtc dt:dt="string">2019-07-05T13:15:01Z</DateUtc></FrequencyChange></FrequencyChanges></Clock>\n | E31: R01_NE_APT Run 1_Penultimate Prices EP3_Mar22-01002-1 | F31: 59.956 | G31: 1.0.0.107 | H31: 1 | I31: 6000 | J31: -57 | K31: 0 | L31: 24000 | M31: 57 | N31: 18157 | O31: 5954 | Q31: 0 | R31: 0 | S31: -725311415 | T31: Full | U31: 3.0.3.80 | V31: 3.0.3.80 | W31: 5/7/2019 | X31: 7/5/2019 13:15 | Y31: 0.38542824 | Z31: 3.0.3.82 | AA31: Keyboard | AB31: -1 | AC31: -999999 | AD31: 18100 | AE31: 41 | AF31: 6999 | AG31: 0 | AH31: 5 | AI31: 11101 | AJ31: 18100 | AK31: 30 | AL31: 30 | AM31: 1 | AN31: 30 | AO31: 3 | AP31: ? | AQ31: 4000 | AR31: 0 | AT31: 4000 | AU31: -9 | AV31: 511000 | AW31: 0 | AX31: 511000 | AY31: 9 | AZ31: 507109 | BA31: 4003 | BB31: 100 | BD31: 0 | BE31: 0 | BF31: 507005 | BG31: 511000 | BH31: 507100 | BI31: 7000 | BJ31: 0 | BL31: Keyboard | BM31: 7000 | BN31: -999999 | BO31: 515613 | BP31: 515613 | BQ31: 59 | BR31: 514264 | BS31: 0 | BT31: 100 | BU31: 1 | BV31: 1348 | BW31: 515612 | BX31: 514209 | BY31: 521105 | BZ31: 514205 | CA31: 4000 | CB31: 0 | CD31: 4000 | CE31: 0 | CF31: 522000 | CG31: 0 | CH31: 522000 | CI31: 0 | CJ31: 518100 | CK31: 0 | CL31: 100 | CN31: 0 | CO31: 0 | CP31: 518000 | CQ31: 522000 | CR31: 518100 | CS31: 15 | CT31: 4 | CU31: 0 | CV31: 9 | CW31: 10 | CX31: 1 | CY31: 2 | CZ31: 3 | DA31: 4 | DB31: 5 | DC31: 6 | DD31: 7 | DE31: 8 | DF31: $15.00 each? | DG31: aptTrialProc | DH31: aptTrials | DI31: 0 | DJ31: 0 | DK31: 511112 | DL31: 12 | DM31: 511112 | DN31: 50 | DO31: 7000 | DP31: 0 | DR31: 7000 | DS31: -4565 | DT31: 518000 | DU31: 0 | DV31: 518000 | DW31: 4565 | DX31: 515665 | DY31: 2435 | DZ31: 100 | EB31: 0 | EC31: 0 | ED31: 515615 | EE31: 518000 | EF31: 511100 | EG31: 30

Sheet Paste Run 2
A1: ExperimentName | B1: Subject | C1: Session | D1: Clock.Information | E1: DataFile.Basename | F1: Display.RefreshRate | G1: ExperimentVersion | H1: Group | I1: Instructions.Duration | J1: Instructions.DurationError | K1: Instructions.OffsetDelay | L1: Instructions.OffsetTime | M1: Instructions.OnsetDelay | N1: Instructions.OnsetTime | O1: Instructions.OnsetToOnsetTime | P1: Instructions.RESP | Q1: Instructions.RT | R1: Instructions.RTTime | S1: RandomSeed | T1: RuntimeCapabilities | U1: RuntimeVersion | V1: RuntimeVersionExpected | W1: SessionDate | X1: SessionStartDateTimeUtc | Y1: SessionTime | Z1: StudioVersion | AA1: Trigger.DEVICE | AB1: Trigger.Duration | AC1: Trigger.DurationError | AD1: Trigger.OffsetTime | AE1: Trigger.OnsetDelay | AF1: Trigger.OnsetTime | AG1: Trigger.OnsetToOnsetTime | AH1: Trigger.RESP | AI1: Trigger.RT | AJ1: Trigger.RTTime | AK1: Block | AL1: aptTrials | AM1: aptTrials.Cycle | AN1: aptTrials.Sample | AO1: Choice | AP1: currentChoice | AQ1: decideduration | AR1: decideNew.ACC | AS1: decideNew.CRESP | AT1: decideNew.Duration | AU1: decideNew.DurationError | AV1: decideNew.FinishTime | AW1: decideNew.OffsetDelay | AX1: decideNew.OffsetTime | AY1: decideNew.OnsetDelay | AZ1: decideNew.OnsetTime | BA1: decideNew.OnsetToOnsetTime | BB1: decideNew.PreRelease | BC1: decideNew.RESP | BD1: decideNew.RT | BE1: decideNew.RTTime | BF1: decideNew.StartTime | BG1: decideNew.TargetOffsetTime | BH1: decideNew.TargetOnsetTime | BI1: inputduration | BJ1: inputresponse.ACC | BK1: inputresponse.CRESP | BL1: inputresponse.DEVICE | BM1: inputresponse.Duration | BN1: inputresponse.DurationError | BO1: inputresponse.FinishTime | BP1: inputresponse.OffsetTime | BQ1: inputresponse.OnsetDelay | BR1: inputresponse.OnsetTime | BS1: inputresponse.OnsetToOnsetTime | BT1: inputresponse.PreRelease | BU1: inputresponse.RESP | BV1: inputresponse.RT | BW1: inputresponse.RTTime | BX1: inputresponse.StartTime | BY1: inputresponse.TargetOffsetTime | BZ1: inputresponse.TargetOnsetTime | CA1: ISI | CB1: ISI.ACC | CC1: ISI.CRESP | CD1: ISI.Duration | CE1: ISI.DurationError | CF1: ISI.FinishTime | CG1: ISI.OffsetDelay | CH1: ISI.OffsetTime | CI1: ISI.OnsetDelay | CJ1: ISI.OnsetTime | CK1: ISI.OnsetToOnsetTime | CL1: ISI.PreRelease | CM1: ISI.RESP | CN1: ISI.RT | CO1: ISI.RTTime | CP1: ISI.StartTime | CQ1: ISI.TargetOffsetTime | CR1: ISI.TargetOnsetTime | CS1: maxpos | CT1: minpos | CU1: pos1 | CV1: pos10 | CW1: pos11 | CX1: pos2 | CY1: pos3 | CZ1: pos4 | DA1: pos5 | DB1: pos6 | DC1: pos7 | DD1: pos8 | DE1: pos9 | DF1: price | DG1: Procedure | DH1: Running | DI1: start.Duration | DJ1: start.DurationError | DK1: start.OffsetTime | DL1: start.OnsetDelay | DM1: start.OnsetTime | DN1: start.OnsetToOnsetTime | DO1: submitduration | DP1: submitted.ACC | DQ1: submitted.CRESP | DR1: submitted.Duration | DS1: submitted.DurationError | DT1: submitted.FinishTime | DU1: submitted.OffsetDelay | DV1: submitted.OffsetTime | DW1: submitted.OnsetDelay | DX1: submitted.OnsetTime | DY1: submitted.OnsetToOnsetTime | DZ1: submitted.PreRelease | EA1: submitted.RESP | EB1: submitted.RT | EC1: submitted.RTTime | ED1: submitted.StartTime | EE1: submitted.TargetOffsetTime | EF1: submitted.TargetOnsetTime | EG1: trialnumber
A2: R01_NE_APT Run 2_Penultimate Prices EP3_Mar22 | B2: XXXX | C2: 1 | D2: <?xml version="1.0"?>\n<Clock xmlns:dt="urn:schemas-microsoft-com:datatypes"><Description dt:dt="string">E-Prime Primary Realtime Clock</Description><StartTime><Timestamp dt:dt="int">0</Timestamp><DateUtc dt:dt="string">2019-07-05T13:24:23Z</DateUtc></StartTime><FrequencyChanges><FrequencyChange><Frequency dt:dt="r8">2531445</Frequency><Timestamp dt:dt="r8">13581237373</Timestamp><Current dt:dt="r8">0</Current><DateUtc dt:dt="string">2019-07-05T13:24:23Z</DateUtc></FrequencyChange></FrequencyChanges></Clock>\n | E2: R01_NE_APT Run 2_Penultimate Prices EP3_Mar22-01002-1 | F2: 59.963 | G2: 1.0.0.105 | H2: 1 | I2: 6000 | J2: -41 | K2: 0 | L2: 24369 | M2: 41 | N2: 18510 | O2: 5971 | Q2: 0 | R2: 0 | S2: 696637077 | T2: Full | U2: 3.0.3.80 | V2: 3.0.3.80 | W2: 5/7/2019 | X2: 7/5/2019 13:24 | Y2: 0.39193287 | Z2: 3.0.3.82 | AA2: Keyboard | AB2: -1 | AC2: -999999 | AD2: 18469 | AE2: 39 | AF2: 5767 | AG2: 0 | AH2: 5 | AI2: 12702 | AJ2: 18469 | AK2: 1 | AL2: 1 | AM2: 1 | AN2: 1 | AO2: 8 | AP2: ? | AQ2: 4000 | AR2: 0 | AT2: 4000 | AU2: -12 | AV2: 28369 | AW2: 0 | AX2: 28369 | AY2: 12 | AZ2: 24481 | BA2: 4004 | BB2: 100 | BD2: 0 | BE2: 0 | BF2: 24371 | BG2: 28369 | BH2: 24469 | BI2: 7000 | BJ2: 0 | BL2: Keyboard | BM2: 7000 | BN2: -999999 | BO2: 31303 | BP2: 31303 | BQ2: 51 | BR2: 30586 | BS2: 0 | BT2: 100 | BU2: 1 | BV2: 716 | BW2: 31302 | BX2: 30538 | BY2: 37435 | BZ2: 30535 | CA2: 6000 | CB2: 0 | CD2: 6000 | CE2: -4 | CF2: 41369 | CG2: 0 | CH2: 41369 | CI2: 4 | CJ2: 35473 | CK2: 0 | CL2: 100 | CN2: 0 | CO2: 0 | CP2: 35369 | CQ2: 41369 | CR2: 35469 | CS2: 15 | CT2: 4 | CU2: 0 | CV2: 9 | CW2: 10 | CX2: 1 | CY2: 2 | CZ2: 3 | DA2: 4 | DB2: 5 | DC2: 6 | DD2: 7 | DE2: 8 | DF2: $0.03 each? | DG2: aptTrialProc | DH2: aptTrials | DI2: 0 | DJ2: 0 | DK2: 28485 | DL2: 16 | DM2: 28485 | DN2: 66 | DO2: 7000 | DP2: 0 | DR2: 7000 | DS2: -2884 | DT2: 35369 | DU2: 0 | DV2: 35369 | DW2: 2884 | DX2: 31353 | DY2: 4120 | DZ2: 100 | EB2: 0 | EC2: 0 | ED2: 31305 | EE2: 35369 | EF2: 28469 | EG2: 1
A3: R01_NE_APT Run 2_Penultimate Prices EP3_Mar22 | B3: XXXX | C3: 1 | D3: <?xml version="1.0"?>\n<Clock xmlns:dt="urn:schemas-microsoft-com:datatypes"><Description dt:dt="string">E-Prime Primary Realtime Clock</Description><StartTime><Timestamp dt:dt="int">0</Timestamp><DateUtc dt:dt="string">2019-07-05T13:24:23Z</DateUtc></StartTime><FrequencyChanges><FrequencyChange><Frequency dt:dt="r8">2531445</Frequency><Timestamp dt:dt="r8">13581237373</Timestamp><Current dt:dt="r8">0</Current><DateUtc dt:dt="string">2019-07-05T13:24:23Z</DateUtc></FrequencyChange></FrequencyChanges></Clock>\n | E3: R01_NE_APT Run 2_Penultimate Prices EP3_Mar22-01002-1 | F3: 59.963 | G3: 1.0.0.105 | H3: 1 | I3: 6000 | J3: -41 | K3: 0 | L3: 24369 | M3: 41 | N3: 18510 | O3: 5971 | Q3: 0 | R3: 0 | S3: 696637077 | T3: Full | U3: 3.0.3.80 | V3: 3.0.3.80 | W3: 5/7/2019 | X3: 7/5/2019 13:24 | Y3: 0.39193287 | Z3: 3.0.3.82 | AA3: Keyboard | AB3: -1 | AC3: -999999 | AD3: 18469 | AE3: 39 | AF3: 5767 | AG3: 0 | AH3: 5 | AI3: 12702 | AJ3: 18469 | AK3: 2 | AL3: 2 | AM3: 1 | AN3: 2 | AO3: 7 | AP3: ? | AQ3: 4000 | AR3: 0 | AT3: 4000 | AU3: -9 | AV3: 45369 | AW3: 0 | AX3: 45369 | AY3: 9 | AZ3: 41478 | BA3: 4003 | BB3: 100 | BD3: 0 | BE3: 0 | BF3: 41374 | BG3: 45369 | BH3: 41469 | BI3: 7000 | BJ3: 0 | BL3: Keyboard | BM3: 7000 | BN3: -999999 | BO3: 47782 | BP3: 47781 | BQ3: 48 | BR3: 47365 | BS3: 0 | BT3: 100 | BU3: 1 | BV3: 416 | BW3: 47781 | BX3: 47321 | BY3: 54217 | BZ3: 47317 | CA3: 12000 | CB3: 0 | CD3: 12000 | CE3: 0 | CF3: 64369 | CG3: 0 | CH3: 64369 | CI3: 0 | CJ3: 52469 | CK3: 0 | CL3: 100 | CN3: 0 | CO3: 0 | CP3: 52369 | CQ3: 64369 | CR3: 52469 | CS3: 15 | CT3: 4 | CU3: 0 | CV3: 9 | CW3: 10 | CX3: 1 | CY3: 2 | CZ3: 3 | DA3: 4 | DB3: 5 | DC3: 6 | DD3: 7 | DE3: 8 | DF3: $5.00 each? | DG3: aptTrialProc | DH3: aptTrials | DI3: 0 | DJ3: 0 | DK3: 45481 | DL3: 12 | DM3: 45481 | DN3: 50 | DO3: 7000 | DP3: 0 | DR3: 7000 | DS3: -2363 | DT3: 52369 | DU3: 0 | DV3: 52369 | DW3: 2363 | DX3: 47832 | DY3: 4637 | DZ3: 100 | EB3: 0 | EC3: 0 | ED3: 47783 | EE3: 52369 | EF3: 45469 | EG3: 2
A4: R01_NE_APT Run 2_Penultimate Prices EP3_Mar22 | B4: XXXX | C4: 1 | D4: <?xml version="1.0"?>\n<Clock xmlns:dt="urn:schemas-microsoft-com:datatypes"><Description dt:dt="string">E-Prime Primary Realtime Clock</Description><StartTime><Timestamp dt:dt="int">0</Timestamp><DateUtc dt:dt="string">2019-07-05T13:24:23Z</DateUtc></StartTime><FrequencyChanges><FrequencyChange><Frequency dt:dt="r8">2531445</Frequency><Timestamp dt:dt="r8">13581237373</Timestamp><Current dt:dt="r8">0</Current><DateUtc dt:dt="string">2019-07-05T13:24:23Z</DateUtc></FrequencyChange></FrequencyChanges></Clock>\n | E4: R01_NE_APT Run 2_Penultimate Prices EP3_Mar22-01002-1 | F4: 59.963 | G4: 1.0.0.105 | H4: 1 | I4: 6000 | J4: -41 | K4: 0 | L4: 24369 | M4: 41 | N4: 18510 | O4: 5971 | Q4: 0 | R4: 0 | S4: 696637077 | T4: Full | U4: 3.0.3.80 | V4: 3.0.3.80 | W4: 5/7/2019 | X4: 7/5/2019 13:24 | Y4: 0.39193287 | Z4: 3.0.3.82 | AA4: Keyboard | AB4: -1 | AC4: -999999 | AD4: 18469 | AE4: 39 | AF4: 5767 | AG4: 0 | AH4: 5 | AI4: 12702 | AJ4: 18469 | AK4: 3 | AL4: 3 | AM4: 1 | AN4: 3 | AO4: 0 | AP4: ? | AQ4: 4000 | AR4: 0 | AT4: 4000 | AU4: -9 | AV4: 68369 | AW4: 0 | AX4: 68369 | AY4: 9 | AZ4: 64478 | BA4: 4003 | BB4: 100 | BD4: 0 | BE4: 0 | BF4: 64374 | BG4: 68369 | BH4: 64469 | BI4: 7000 | BJ4: 0 | BL4: Keyboard | BM4: 7000 | BN4: -999999 | BO4: 70996 | BP4: 70996 | BQ4: 62 | BR4: 70666 | BS4: 0 | BT4: 100 | BU4: 1 | BV4: 329 | BW4: 70995 | BX4: 70608 | BY4: 77504 | BZ4: 70604 | CA4: 8000 | CB4: 0 | CD4: 8000 | CE4: -1 | CF4: 83369 | CG4: 0 | CH4: 83369 | CI4: 1 | CJ4: 75470 | CK4: 0 | CL4: 100 | CN4: 0 | CO4: 0 | CP4: 75369 | CQ4: 83369 | CR4: 75469 | CS4: 15 | CT4: 4 | CU4: 0 | CV4: 9 | CW4: 10 | CX4: 1 | CY4: 2 | CZ4: 3 | DA4: 4 | DB4: 5 | DC4: 6 | DD4: 7 | DE4: 8 | DF4: $80.00 each? | DG4: aptTrialProc | DH4: aptTrials | DI4: 0 | DJ4: 0 | DK4: 68481 | DL4: 12 | DM4: 68481 | DN4: 67 | DO4: 7000 | DP4: 0 | DR4: 7000 | DS4: -2581 | DT4: 75369 | DU4: 0 | DV4: 75369 | DW4: 2581 | DX4: 71050 | DY4: 4420 | DZ4: 100 | EB4: 0 | EC4: 0 | ED4: 70999 | EE4: 75369 | EF4: 68469 | EG4: 3
A5: R01_NE_APT Run 2_Penultimate Prices EP3_Mar22 | B5: XXXX | C5: 1 | D5: <?xml version="1.0"?>\n<Clock xmlns:dt="urn:schemas-microsoft-com:datatypes"><Description dt:dt="string">E-Prime Primary Realtime Clock</Description><StartTime><Timestamp dt:dt="int">0</Timestamp><DateUtc dt:dt="string">2019-07-05T13:24:23Z</DateUtc></StartTime><FrequencyChanges><FrequencyChange><Frequency dt:dt="r8">2531445</Frequency><Timestamp dt:dt="r8">13581237373</Timestamp><Current dt:dt="r8">0</Current><DateUtc dt:dt="string">2019-07-05T13:24:23Z</DateUtc></FrequencyChange></FrequencyChanges></Clock>\n | E5: R01_NE_APT Run 2_Penultimate Prices EP3_Mar22-01002-1 | F5: 59.963 | G5: 1.0.0.105 | H5: 1 | I5: 6000 | J5: -41 | K5: 0 | L5: 24369 | M5: 41 | N5: 18510 | O5: 5971 | Q5: 0 | R5: 0 | S5: 696637077 | T5: Full | U5: 3.0.3.80 | V5: 3.0.3.80 | W5: 5/7/2019 | X5: 7/5/2019 13:24 | Y5: 0.39193287 | Z5: 3.0.3.82 | AA5: Keyboard | AB5: -1 | AC5: -999999 | AD5: 18469 | AE5: 39 | AF5: 5767 | AG5: 0 | AH5: 5 | AI5: 12702 | AJ5: 18469 | AK5: 4 | AL5: 4 | AM5: 1 | AN5: 4 | AO5: 8 | AP5: ? | AQ5: 4000 | AR5: 0 | AT5: 4000 | AU5: -7 | AV5: 87369 | AW5: 0 | AX5: 87369 | AY5: 7 | AZ5: 83476 | BA5: 4003 | BB5: 100 | BD5: 0 | BE5: 0 | BF5: 83374 | BG5: 87369 | BH5: 83469 | BI5: 7000 | BJ5: 0 | BL5: Keyboard | BM5: 7000 | BN5: -999999 | BO5: 90010 | BP5: 90010 | BQ5: 52 | BR5: 89430 | BS5: 0 | BT5: 100 | BU5: 1 | BV5: 580 | BW5: 90010 | BX5: 89382 | BY5: 96278 | BZ5: 89378 | CA5: 4000 | CB5: 0 | CD5: 4000 | CE5: -15 | CF5: 98369 | CG5: 0 | CH5: 98369 | CI5: 15 | CJ5: 94484 | CK5: 0 | CL5: 100 | CN5: 0 | CO5: 0 | CP5: 94369 | CQ5: 98369 | CR5: 94469 | CS5: 15 | CT5: 4 | CU5: 0 | CV5: 9 | CW5: 10 | CX5: 1 | CY5: 2 | CZ5: 3 | DA5: 4 | DB5: 5 | DC5: 6 | DD5: 7 | DE5: 8 | DF5: $0.01 each? | DG5: aptTrialProc | DH5: aptTrials | DI5: 0 | DJ5: 0 | DK5: 87479 | DL5: 10 | DM5: 87479 | DN5: 50 | DO5: 7000 | DP5: 0 | DR5: 7000 | DS5: -2595 | DT5: 94369 | DU5: 0 | DV5: 94369 | DW5: 2595 | DX5: 90064 | DY5: 4420 | DZ5: 100 | EB5: 0 | EC5: 0 | ED5: 90012 | EE5: 94369 | EF5: 87469 | EG5: 4
A6: R01_NE_APT Run 2_Penultimate Prices EP3_Mar22 | B6: XXXX | C6: 1 | D6: <?xml version="1.0"?>\n<Clock xmlns:dt="urn:schemas-microsoft-com:datatypes"><Description dt:dt="string">E-Prime Primary Realtime Clock</Description><StartTime><Timestamp dt:dt="int">0</Timestamp><DateUtc dt:dt="string">2019-07-05T13:24:23Z</DateUtc></StartTime><FrequencyChanges><FrequencyChange><Frequency dt:dt="r8">2531445</Frequency><Timestamp dt:dt="r8">13581237373</Timestamp><Current dt:dt="r8">0</Current><DateUtc dt:dt="string">2019-07-05T13:24:23Z</DateUtc></FrequencyChange></FrequencyChanges></Clock>\n | E6: R01_NE_APT Run 2_Penultimate Prices EP3_Mar22-01002-1 | F6: 59.963 | G6: 1.0.0.105 | H6: 1 | I6: 6000 | J6: -41 | K6: 0 | L6: 24369 | M6: 41 | N6: 18510 | O6: 5971 | Q6: 0 | R6: 0 | S6: 696637077 | T6: Full | U6: 3.0.3.80 | V6: 3.0.3.80 | W6: 5/7/2019 | X6: 7/5/2019 13:24 | Y6: 0.39193287 | Z6: 3.0.3.82 | AA6: Keyboard | AB6: -1 | AC6: -999999 | AD6: 18469 | AE6: 39 | AF6: 5767 | AG6: 0 | AH6: 5 | AI6: 12702 | AJ6: 18469 | AK6: 5 | AL6: 5 | AM6: 1 | AN6: 5 | AO6: 5 | AP6: ? | AQ6: 4000 | AR6: 0 | AT6: 4000 | AU6: -1 | AV6: 102369 | AW6: 0 | AX6: 102369 | AY6: 1 | AZ6: 98470 | BA6: 4003 | BB6: 100 | BD6: 0 | BE6: 0 | BF6: 98374 | BG6: 102369 | BH6: 98469 | BI6: 7000 | BJ6: 0 | BL6: Keyboard | BM6: 7000 | BN6: -999999 | BO6: 104089 | BP6: 104089 | BQ6: 49 | BR6: 103458 | BS6: 0 | BT6: 100 | BU6: 1 | BV6: 631 | BW6: 104089 | BX6: 103413 | BY6: 110309 | BZ6: 103409 | CA6: 4000 | CB6: 0 | CD6: 4000 | CE6: -10 | CF6: 113369 | CG6: 0 | CH6: 113369 | CI6: 10 | CJ6: 109479 | CK6: 0 | CL6: 100 | CN6: 0 | CO6: 0 | CP6: 109369 | CQ6: 113369 | CR6: 109469 | CS6: 15 | CT6: 4 | CU6: 0 | CV6: 9 | CW6: 10 | CX6: 1 | CY6: 2 | CZ6: 3 | DA6: 4 | DB6: 5 | DC6: 6 | DD6: 7 | DE6: 8 | DF6: $7.00 each? | DG6: aptTrialProc | DH6: aptTrials | DI6: 0 | DJ6: 1 | DK6: 102474 | DL6: 4 | DM6: 102473 | DN6: 51 | DO6: 7000 | DP6: 0 | DR6: 7000 | DS6: -1673 | DT6: 109369 | DU6: 0 | DV6: 109369 | DW6: 1673 | DX6: 104142 | DY6: 5337 | DZ6: 100 | EB6: 0 | EC6: 0 | ED6: 104092 | EE6: 109369 | EF6: 102469 | EG6: 5
A7: R01_NE_APT Run 2_Penultimate Prices EP3_Mar22 | B7: XXXX | C7: 1 | D7: <?xml version="1.0"?>\n<Clock xmlns:dt="urn:schemas-microsoft-com:datatypes"><Description dt:dt="string">E-Prime Primary Realtime Clock</Description><StartTime><Timestamp dt:dt="int">0</Timestamp><DateUtc dt:dt="string">2019-07-05T13:24:23Z</DateUtc></StartTime><FrequencyChanges><FrequencyChange><Frequency dt:dt="r8">2531445</Frequency><Timestamp dt:dt="r8">13581237373</Timestamp><Current dt:dt="r8">0</Current><DateUtc dt:dt="string">2019-07-05T13:24:23Z</DateUtc></FrequencyChange></FrequencyChanges></Clock>\n | E7: R01_NE_APT Run 2_Penultimate Prices EP3_Mar22-01002-1 | F7: 59.963 | G7: 1.0.0.105 | H7: 1 | I7: 6000 | J7: -41 | K7: 0 | L7: 24369 | M7: 41 | N7: 18510 | O7: 5971 | Q7: 0 | R7: 0 | S7: 696637077 | T7: Full | U7: 3.0.3.80 | V7: 3.0.3.80 | W7: 5/7/2019 | X7: 7/5/2019 13:24 | Y7: 0.39193287 | Z7: 3.0.3.82 | AA7: Keyboard | AB7: -1 | AC7: -999999 | AD7: 18469 | AE7: 39 | AF7: 5767 | AG7: 0 | AH7: 5 | AI7: 12702 | AJ7: 18469 | AK7: 6 | AL7: 6 | AM7: 1 | AN7: 6 | AO7: 8 | AP7: ? | AQ7: 4000 | AR7: 0 | AT7: 4000 | AU7: -13 | AV7: 117369 | AW7: 0 | AX7: 117369 | AY7: 13 | AZ7: 113482 | BA7: 4003 | BB7: 100 | BD7: 0 | BE7: 0 | BF7: 113374 | BG7: 117369 | BH7: 113469 | BI7: 7000 | BJ7: 0 | BL7: Keyboard | BM7: 7000 | BN7: -999999 | BO7: 119304 | BP7: 119304 | BQ7: 40 | BR7: 118936 | BS7: 0 | BT7: 100 | BU7: 1 | BV7: 368 | BW7: 119304 | BX7: 118900 | BY7: 125796 | BZ7: 118896 | CA7: 2000 | CB7: 0 | CD7: 2000 | CE7: -4 | CF7: 126369 | CG7: 0 | CH7: 126369 | CI7: 4 | CJ7: 124473 | CK7: 0 | CL7: 100 | CN7: 0 | CO7: 0 | CP7: 124369 | CQ7: 126369 | CR7: 124469 | CS7: 15 | CT7: 4 | CU7: 0 | CV7: 9 | CW7: 10 | CX7: 1 | CY7: 2 | CZ7: 3 | DA7: 4 | DB7: 5 | DC7: 6 | DD7: 7 | DE7: 8 | DF7: $0.04 each? | DG7: aptTrialProc | DH7: aptTrials | DI7: 0 | DJ7: 0 | DK7: 117485 | DL7: 16 | DM7: 117485 | DN7: 50 | DO7: 7000 | DP7: 0 | DR7: 7000 | DS7: -1884 | DT7: 124369 | DU7: 0 | DV7: 124369 | DW7: 1884 | DX7: 119353 | DY7: 5120 | DZ7: 100 | EB7: 0 | EC7: 0 | ED7: 119306 | EE7: 124369 | EF7: 117469 | EG7: 6
A8: R01_NE_APT Run 2_Penultimate Prices EP3_Mar22 | B8: XXXX | C8: 1 | D8: <?xml version="1.0"?>\n<Clock xmlns:dt="urn:schemas-microsoft-com:datatypes"><Description dt:dt="string">E-Prime Primary Realtime Clock</Description><StartTime><Timestamp dt:dt="int">0</Timestamp><DateUtc dt:dt="string">2019-07-05T13:24:23Z</DateUtc></StartTime><FrequencyChanges><FrequencyChange><Frequency dt:dt="r8">2531445</Frequency><Timestamp dt:dt="r8">13581237373</Timestamp><Current dt:dt="r8">0</Current><DateUtc dt:dt="string">2019-07-05T13:24:23Z</DateUtc></FrequencyChange></FrequencyChanges></Clock>\n | E8: R01_NE_APT Run 2_Penultimate Prices EP3_Mar22-01002-1 | F8: 59.963 | G8: 1.0.0.105 | H8: 1 | I8: 6000 | J8: -41 | K8: 0 | L8: 24369 | M8: 41 | N8: 18510 | O8: 5971 | Q8: 0 | R8: 0 | S8: 696637077 | T8: Full | U8: 3.0.3.80 | V8: 3.0.3.80 | W8: 5/7/2019 | X8: 7/5/2019 13:24 | Y8: 0.39193287 | Z8: 3.0.3.82 | AA8: Keyboard | AB8: -1 | AC8: -999999 | AD8: 18469 | AE8: 39 | AF8: 5767 | AG8: 0 | AH8: 5 | AI8: 12702 | AJ8: 18469 | AK8: 7 | AL8: 7 | AM8: 1 | AN8: 7 | AO8: 0 | AP8: ? | AQ8: 4000 | AR8: 0 | AT8: 4000 | AU8: -6 | AV8: 130369 | AW8: 0 | AX8: 130369 | AY8: 6 | AZ8: 126475 | BA8: 4003 | BB8: 100 | BD8: 0 | BE8: 0 | BF8: 126374 | BG8: 130369 | BH8: 126469 | BI8: 7000 | BJ8: 0 | BL8: Keyboard | BM8: 7000 | BN8: -999999 | BO8: 134367 | BP8: 134367 | BQ8: 41 | BR8: 134064 | BS8: 0 | BT8: 100 | BU8: 1 | BV8: 303 | BW8: 134367 | BX8: 134026 | BY8: 140923 | BZ8: 134023 | CA8: 8000 | CB8: 0 | CD8: 8000 | CE8: -14 | CF8: 145369 | CG8: 0 | CH8: 145369 | CI8: 14 | CJ8: 137483 | CK8: 0 | CL8: 100 | CN8: 0 | CO8: 0 | CP8: 137369 | CQ8: 145369 | CR8: 137469 | CS8: 15 | CT8: 4 | CU8: 0 | CV8: 9 | CW8: 10 | CX8: 1 | CY8: 2 | CZ8: 3 | DA8: 4 | DB8: 5 | DC8: 6 | DD8: 7 | DE8: 8 | DF8: $50.00 each? | DG8: aptTrialProc | DH8: aptTrials | DI8: 0 | DJ8: 0 | DK8: 130478 | DL8: 9 | DM8: 130478 | DN8: 50 | DO8: 7000 | DP8: 0 | DR8: 7000 | DS8: -3945 | DT8: 137369 | DU8: 0 | DV8: 137369 | DW8: 3945 | DX8: 134414 | DY8: 3069 | DZ8: 100 | EB8: 0 | EC8: 0 | ED8: 134370 | EE8: 137369 | EF8: 130469 | EG8: 7
A9: R01_NE_APT Run 2_Penultimate Prices EP3_Mar22 | B9: XXXX | C9: 1 | D9: <?xml version="1.0"?>\n<Clock xmlns:dt="urn:schemas-microsoft-com:datatypes"><Description dt:dt="string">E-Prime Primary Realtime Clock</Description><StartTime><Timestamp dt:dt="int">0</Timestamp><DateUtc dt:dt="string">2019-07-05T13:24:23Z</DateUtc></StartTime><FrequencyChanges><FrequencyChange><Frequency dt:dt="r8">2531445</Frequency><Timestamp dt:dt="r8">13581237373</Timestamp><Current dt:dt="r8">0</Current><DateUtc dt:dt="string">2019-07-05T13:24:23Z</DateUtc></FrequencyChange></FrequencyChanges></Clock>\n | E9: R01_NE_APT Run 2_Penultimate Prices EP3_Mar22-01002-1 | F9: 59.963 | G9: 1.0.0.105 | H9: 1 | I9: 6000 | J9: -41 | K9: 0 | L9: 24369 | M9: 41 | N9: 18510 | O9: 5971 | Q9: 0 | R9: 0 | S9: 696637077 | T9: Full | U9: 3.0.3.80 | V9: 3.0.3.80 | W9: 5/7/2019 | X9: 7/5/2019 13:24 | Y9: 0.39193287 | Z9: 3.0.3.82 | AA9: Keyboard | AB9: -1 | AC9: -999999 | AD9: 18469 | AE9: 39 | AF9: 5767 | AG9: 0 | AH9: 5 | AI9: 12702 | AJ9: 18469 | AK9: 8 | AL9: 8 | AM9: 1 | AN9: 8 | AO9: 3 | AP9: ? | AQ9: 4000 | AR9: 0 | AT9: 4000 | AU9: -4 | AV9: 149369 | AW9: 0 | AX9: 149369 | AY9: 4 | AZ9: 145473 | BA9: 4003 | BB9: 100 | BD9: 0 | BE9: 0 | BF9: 145374 | BG9: 149369 | BH9: 145469 | BI9: 7000 | BJ9: 0 | BL9: Keyboard | BM9: 7000 | BN9: -999999 | BO9: 151517 | BP9: 151517 | BQ9: 42 | BR9: 151144 | BS9: 0 | BT9: 100 | BU9: 1 | BV9: 373 | BW9: 151517 | BX9: 151106 | BY9: 158002 | BZ9: 151102 | CA9: 8000 | CB9: 0 | CD9: 8000 | CE9: -12 | CF9: 164369 | CG9: 0 | CH9: 164369 | CI9: 12 | CJ9: 156481 | CK9: 0 | CL9: 100 | CN9: 0 | CO9: 0 | CP9: 156369 | CQ9: 164369 | CR9: 156469 | CS9: 15 | CT9: 4 | CU9: 0 | CV9: 9 | CW9: 10 | CX9: 1 | CY9: 2 | CZ9: 3 | DA9: 4 | DB9: 5 | DC9: 6 | DD9: 7 | DE9: 8 | DF9: $15.00 each? | DG9: aptTrialProc | DH9: aptTrials | DI9: 0 | DJ9: 0 | DK9: 149476 | DL9: 7 | DM9: 149476 | DN9: 50 | DO9: 7000 | DP9: 0 | DR9: 7000 | DS9: -2092 | DT9: 156369 | DU9: 0 | DV9: 156369 | DW9: 2092 | DX9: 151561 | DY9: 4920 | DZ9: 100 | EB9: 0 | EC9: 0 | ED9: 151519 | EE9: 156369 | EF9: 149469 | EG9: 8
A10: R01_NE_APT Run 2_Penultimate Prices EP3_Mar22 | B10: XXXX | C10: 1 | D10: <?xml version="1.0"?>\n<Clock xmlns:dt="urn:schemas-microsoft-com:datatypes"><Description dt:dt="string">E-Prime Primary Realtime Clock</Description><StartTime><Timestamp dt:dt="int">0</Timestamp><DateUtc dt:dt="string">2019-07-05T13:24:23Z</DateUtc></StartTime><FrequencyChanges><FrequencyChange><Frequency dt:dt="r8">2531445</Frequency><Timestamp dt:dt="r8">13581237373</Timestamp><Current dt:dt="r8">0</Current><DateUtc dt:dt="string">2019-07-05T13:24:23Z</DateUtc></FrequencyChange></FrequencyChanges></Clock>\n | E10: R01_NE_APT Run 2_Penultimate Prices EP3_Mar22-01002-1 | F10: 59.963 | G10: 1.0.0.105 | H10: 1 | I10: 6000 | J10: -41 | K10: 0 | L10: 24369 | M10: 41 | N10: 18510 | O10: 5971 | Q10: 0 | R10: 0 | S10: 696637077 | T10: Full | U10: 3.0.3.80 | V10: 3.0.3.80 | W10: 5/7/2019 | X10: 7/5/2019 13:24 | Y10: 0.39193287 | Z10: 3.0.3.82 | AA10: Keyboard | AB10: -1 | AC10: -999999 | AD10: 18469 | AE10: 39 | AF10: 5767 | AG10: 0 | AH10: 5 | AI10: 12702 | AJ10: 18469 | AK10: 9 | AL10: 9 | AM10: 1 | AN10: 9 | AO10: 0 | AP10: ? | AQ10: 4000 | AR10: 0 | AT10: 4000 | AU10: -1 | AV10: 168369 | AW10: 0 | AX10: 168369 | AY10: 1 | AZ10: 164470 | BA10: 4003 | BB10: 100 | BD10: 0 | BE10: 0 | BF10: 164374 | BG10: 168369 | BH10: 164469 | BI10: 7000 | BJ10: 0 | BL10: Keyboard | BM10: 7000 | BN10: -999999 | BO10: 170756 | BP10: 170756 | BQ10: 51 | BR10: 170391 | BS10: 0 | BT10: 100 | BU10: 1 | BV10: 365 | BW10: 170756 | BX10: 170344 | BY10: 177240 | BZ10: 170340 | CA10: 10000 | CB10: 0 | CD10: 10000 | CE10: -9 | CF10: 185369 | CG10: 0 | CH10: 185369 | CI10: 9 | CJ10: 175478 | CK10: 0 | CL10: 100 | CN10: 0 | CO10: 0 | CP10: 175369 | CQ10: 185369 | CR10: 175469 | CS10: 15 | CT10: 4 | CU10: 0 | CV10: 9 | CW10: 10 | CX10: 1 | CY10: 2 | CZ10: 3 | DA10: 4 | DB10: 5 | DC10: 6 | DD10: 7 | DE10: 8 | DF10: $50.00 each? | DG10: aptTrialProc | DH10: aptTrials | DI10: 0 | DJ10: 0 | DK10: 168473 | DL10: 4 | DM10: 168473 | DN10: 50 | DO10: 7000 | DP10: 0 | DR10: 7000 | DS10: -2323 | DT10: 175369 | DU10: 0 | DV10: 175369 | DW10: 2323 | DX10: 170792 | DY10: 4686 | DZ10: 100 | EB10: 0 | EC10: 0 | ED10: 170758 | EE10: 175369 | EF10: 168469 | EG10: 9
A11: R01_NE_APT Run 2_Penultimate Prices EP3_Mar22 | B11: XXXX | C11: 1 | D11: <?xml version="1.0"?>\n<Clock xmlns:dt="urn:schemas-microsoft-com:datatypes"><Description dt:dt="string">E-Prime Primary Realtime Clock</Description><StartTime><Timestamp dt:dt="int">0</Timestamp><DateUtc dt:dt="string">2019-07-05T13:24:23Z</DateUtc></StartTime><FrequencyChanges><FrequencyChange><Frequency dt:dt="r8">2531445</Frequency><Timestamp dt:dt="r8">13581237373</Timestamp><Current dt:dt="r8">0</Current><DateUtc dt:dt="string">2019-07-05T13:24:23Z</DateUtc></FrequencyChange></FrequencyChanges></Clock>\n | E11: R01_NE_APT Run 2_Penultimate Prices EP3_Mar22-01002-1 | F11: 59.963 | G11: 1.0.0.105 | H11: 1 | I11: 6000 | J11: -41 | K11: 0 | L11: 24369 | M11: 41 | N11: 18510 | O11: 5971 | Q11: 0 | R11: 0 | S11: 696637077 | T11: Full | U11: 3.0.3.80 | V11: 3.0.3.80 | W11: 5/7/2019 | X11: 7/5/2019 13:24 | Y11: 0.39193287 | Z11: 3.0.3.82 | AA11: Keyboard | AB11: -1 | AC11: -999999 | AD11: 18469 | AE11: 39 | AF11: 5767 | AG11: 0 | AH11: 5 | AI11: 12702 | AJ11: 18469 | AK11: 10 | AL11: 10 | AM11: 1 | AN11: 10 | AO11: 8 | AP11: ? | AQ11: 4000 | AR11: 0 | AT11: 4000 | AU11: 0 | AV11: 189369 | AW11: 0 | AX11: 189369 | AY11: 0 | AZ11: 185469 | BA11: 4003 | BB11: 100 | BD11: 0 | BE11: 0 | BF11: 185374 | BG11: 189369 | BH11: 185469 | BI11: 7000 | BJ11: 0 | BL11: Keyboard | BM11: 7000 | BN11: -999999 | BO11: 191250 | BP11: 191250 | BQ11: 50 | BR11: 190924 | BS11: 0 | BT11: 100 | BU11: 1 | BV11: 326 | BW11: 191250 | BX11: 190880 | BY11: 197774 | BZ11: 190874 | CA11: 4000 | CB11: 0 | CD11: 4000 | CE11: -9 | CF11: 200369 | CG11: 0 | CH11: 200369 | CI11: 9 | CJ11: 196478 | CK11: 0 | CL11: 100 | CN11: 0 | CO11: 0 | CP11: 196369 | CQ11: 200369 | CR11: 196469 | CS11: 15 | CT11: 4 | CU11: 0 | CV11: 9 | CW11: 10 | CX11: 1 | CY11: 2 | CZ11: 3 | DA11: 4 | DB11: 5 | DC11: 6 | DD11: 7 | DE11: 8 | DF11: $0.04 each? | DG11: aptTrialProc | DH11: aptTrials | DI11: 0 | DJ11: 0 | DK11: 189472 | DL11: 3 | DM11: 189472 | DN11: 51 | DO11: 7000 | DP11: 0 | DR11: 7000 | DS11: -1822 | DT11: 196369 | DU11: 0 | DV11: 196369 | DW11: 1822 | DX11: 191291 | DY11: 5187 | DZ11: 100 | EB11: 0 | EC11: 0 | ED11: 191253 | EE11: 196369 | EF11: 189469 | EG11: 10
A12: R01_NE_APT Run 2_Penultimate Prices EP3_Mar22 | B12: XXXX | C12: 1 | D12: <?xml version="1.0"?>\n<Clock xmlns:dt="urn:schemas-microsoft-com:datatypes"><Description dt:dt="string">E-Prime Primary Realtime Clock</Description><StartTime><Timestamp dt:dt="int">0</Timestamp><DateUtc dt:dt="string">2019-07-05T13:24:23Z</DateUtc></StartTime><FrequencyChanges><FrequencyChange><Frequency dt:dt="r8">2531445</Frequency><Timestamp dt:dt="r8">13581237373</Timestamp><Current dt:dt="r8">0</Current><DateUtc dt:dt="string">2019-07-05T13:24:23Z</DateUtc></FrequencyChange></FrequencyChanges></Clock>\n | E12: R01_NE_APT Run 2_Penultimate Prices EP3_Mar22-01002-1 | F12: 59.963 | G12: 1.0.0.105 | H12: 1 | I12: 6000 | J12: -41 | K12: 0 | L12: 24369 | M12: 41 | N12: 18510 | O12: 5971 | Q12: 0 | R12: 0 | S12: 696637077 | T12: Full | U12: 3.0.3.80 | V12: 3.0.3.80 | W12: 5/7/2019 | X12: 7/5/2019 13:24 | Y12: 0.39193287 | Z12: 3.0.3.82 | AA12: Keyboard | AB12: -1 | AC12: -999999 | AD12: 18469 | AE12: 39 | AF12: 5767 | AG12: 0 | AH12: 5 | AI12: 12702 | AJ12: 18469 | AK12: 11 | AL12: 11 | AM12: 1 | AN12: 11 | AO12: 0 | AP12: ? | AQ12: 4000 | AR12: 0 | AT12: 4000 | AU12: -12 | AV12: 204369 | AW12: 0 | AX12: 204369 | AY12: 12 | AZ12: 200481 | BA12: 4003 | BB12: 100 | BD12: 0 | BE12: 0 | BF12: 200374 | BG12: 204369 | BH12: 200469 | BI12: 7000 | BJ12: 0 | BL12: Keyboard | BM12: 7000 | BN12: -999999 | BO12: 206721 | BP12: 206721 | BQ12: 51 | BR12: 206452 | BS12: 0 | BT12: 100 | BU12: 1 | BV12: 269 | BW12: 206721 | BX12: 206405 | BY12: 213301 | BZ12: 206401 | CA12: 4000 | CB12: 0 | CD12: 4000 | CE12: -3 | CF12: 215369 | CG12: 0 | CH12: 215369 | CI12: 3 | CJ12: 211472 | CK12: 0 | CL12: 100 | CN12: 0 | CO12: 0 | CP12: 211369 | CQ12: 215369 | CR12: 211469 | CS12: 15 | CT12: 4 | CU12: 0 | CV12: 9 | CW12: 10 | CX12: 1 | CY12: 2 | CZ12: 3 | DA12: 4 | DB12: 5 | DC12: 6 | DD12: 7 | DE12: 8 | DF12: $30.00 each? | DG12: aptTrialProc | DH12: aptTrials | DI12: 0 | DJ12: 0 | DK12: 204484 | DL12: 15 | DM12: 204484 | DN12: 50 | DO12: 7000 | DP12: 0 | DR12: 7000 | DS12: -2300 | DT12: 211369 | DU12: 0 | DV12: 211369 | DW12: 2300 | DX12: 206769 | DY12: 4703 | DZ12: 100 | EB12: 0 | EC12: 0 | ED12: 206723 | EE12: 211369 | EF12: 204469 | EG12: 11
A13: R01_NE_APT Run 2_Penultimate Prices EP3_Mar22 | B13: XXXX | C13: 1 | D13: <?xml version="1.0"?>\n<Clock xmlns:dt="urn:schemas-microsoft-com:datatypes"><Description dt:dt="string">E-Prime Primary Realtime Clock</Description><StartTime><Timestamp dt:dt="int">0</Timestamp><DateUtc dt:dt="string">2019-07-05T13:24:23Z</DateUtc></StartTime><FrequencyChanges><FrequencyChange><Frequency dt:dt="r8">2531445</Frequency><Timestamp dt:dt="r8">13581237373</Timestamp><Current dt:dt="r8">0</Current><DateUtc dt:dt="string">2019-07-05T13:24:23Z</DateUtc></FrequencyChange></FrequencyChanges></Clock>\n | E13: R01_NE_APT Run 2_Penultimate Prices EP3_Mar22-01002-1 | F13: 59.963 | G13: 1.0.0.105 | H13: 1 | I13: 6000 | J13: -41 | K13: 0 | L13: 24369 | M13: 41 | N13: 18510 | O13: 5971 | Q13: 0 | R13: 0 | S13: 696637077 | T13: Full | U13: 3.0.3.80 | V13: 3.0.3.80 | W13: 5/7/2019 | X13: 7/5/2019 13:24 | Y13: 0.39193287 | Z13: 3.0.3.82 | AA13: Keyboard | AB13: -1 | AC13: -999999 | AD13: 18469 | AE13: 39 | AF13: 5767 | AG13: 0 | AH13: 5 | AI13: 12702 | AJ13: 18469 | AK13: 12 | AL13: 12 | AM13: 1 | AN13: 12 | AO13: 8 | AP13: ? | AQ13: 4000 | AR13: 0 | AT13: 4000 | AU13: -6 | AV13: 219369 | AW13: 0 | AX13: 219369 | AY13: 6 | AZ13: 215475 | BA13: 4003 | BB13: 100 | BD13: 0 | BE13: 0 | BF13: 215374 | BG13: 219369 | BH13: 215469 | BI13: 7000 | BJ13: 0 | BL13: Keyboard | BM13: 7000 | BN13: -999999 | BO13: 221304 | BP13: 221304 | BQ13: 53 | BR13: 221013 | BS13: 0 | BT13: 100 | BU13: 1 | BV13: 291 | BW13: 221304 | BX13: 220965 | BY13: 227860 | BZ13: 220960 | CA13: 2000 | CB13: 0 | CD13: 2000 | CE13: -15 | CF13: 228369 | CG13: 0 | CH13: 228369 | CI13: 15 | CJ13: 226484 | CK13: 0 | CL13: 100 | CN13: 0 | CO13: 0 | CP13: 226369 | CQ13: 228369 | CR13: 226469 | CS13: 15 | CT13: 4 | CU13: 0 | CV13: 9 | CW13: 10 | CX13: 1 | CY13: 2 | CZ13: 3 | DA13: 4 | DB13: 5 | DC13: 6 | DD13: 7 | DE13: 8 | DF13: $0.01 each? | DG13: aptTrialProc | DH13: aptTrials | DI13: 0 | DJ13: 0 | DK13: 219478 | DL13: 9 | DM13: 219478 | DN13: 50 | DO13: 7000 | DP13: 0 | DR13: 7000 | DS13: -1877 | DT13: 226369 | DU13: 0 | DV13: 226369 | DW13: 1877 | DX13: 221346 | DY13: 5138 | DZ13: 100 | EB13: 0 | EC13: 0 | ED13: 221306 | EE13: 226369 | EF13: 219469 | EG13: 12
... A31: R01_NE_APT Run 2_Penultimate Prices EP3_Mar22 | B31: XXXX | C31: 1 | D31: <?xml version="1.0"?>\n<Clock xmlns:dt="urn:schemas-microsoft-com:datatypes"><Description dt:dt="string">E-Prime Primary Realtime Clock</Description><StartTime><Timestamp dt:dt="int">0</Timestamp><DateUtc dt:dt="string">2019-07-05T13:24:23Z</DateUtc></StartTime><FrequencyChanges><FrequencyChange><Frequency dt:dt="r8">2531445</Frequency><Timestamp dt:dt="r8">13581237373</Timestamp><Current dt:dt="r8">0</Current><DateUtc dt:dt="string">2019-07-05T13:24:23Z</DateUtc></FrequencyChange></FrequencyChanges></Clock>\n | E31: R01_NE_APT Run 2_Penultimate Prices EP3_Mar22-01002-1 | F31: 59.963 | G31: 1.0.0.105 | H31: 1 | I31: 6000 | J31: -41 | K31: 0 | L31: 24369 | M31: 41 | N31: 18510 | O31: 5971 | Q31: 0 | R31: 0 | S31: 696637077 | T31: Full | U31: 3.0.3.80 | V31: 3.0.3.80 | W31: 5/7/2019 | X31: 7/5/2019 13:24 | Y31: 0.39193287 | Z31: 3.0.3.82 | AA31: Keyboard | AB31: -1 | AC31: -999999 | AD31: 18469 | AE31: 39 | AF31: 5767 | AG31: 0 | AH31: 5 | AI31: 12702 | AJ31: 18469 | AK31: 30 | AL31: 30 | AM31: 1 | AN31: 30 | AO31: 7 | AP31: ? | AQ31: 4000 | AR31: 0 | AT31: 4000 | AU31: -10 | AV31: 511369 | AW31: 0 | AX31: 511369 | AY31: 10 | AZ31: 507479 | BA31: 4003 | BB31: 100 | BD31: 0 | BE31: 0 | BF31: 507374 | BG31: 511369 | BH31: 507469 | BI31: 7000 | BJ31: 0 | BL31: Keyboard | BM31: 7000 | BN31: -999999 | BO31: 514234 | BP31: 514233 | BQ31: 50 | BR31: 513867 | BS31: 0 | BT31: 100 | BU31: 1 | BV31: 366 | BW31: 514233 | BX31: 513821 | BY31: 520717 | BZ31: 513817 | CA31: 4000 | CB31: 0 | CD31: 4000 | CE31: -1 | CF31: 522369 | CG31: 0 | CH31: 522369 | CI31: 1 | CJ31: 518470 | CK31: 0 | CL31: 100 | CN31: 0 | CO31: 0 | CP31: 518369 | CQ31: 522369 | CR31: 518469 | CS31: 15 | CT31: 4 | CU31: 0 | CV31: 9 | CW31: 10 | CX31: 1 | CY31: 2 | CZ31: 3 | DA31: 4 | DB31: 5 | DC31: 6 | DD31: 7 | DE31: 8 | DF31: $5.00 each? | DG31: aptTrialProc | DH31: aptTrials | DI31: 0 | DJ31: 0 | DK31: 511482 | DL31: 13 | DM31: 511482 | DN31: 50 | DO31: 7000 | DP31: 0 | DR31: 7000 | DS31: -2815 | DT31: 518369 | DU31: 0 | DV31: 518369 | DW31: 2815 | DX31: 514284 | DY31: 4186 | DZ31: 100 | EB31: 0 | EC31: 0 | ED31: 514236 | EE31: 518369 | EF31: 511469 | EG31: 30

Sheet Paste Run 3
A1: ExperimentName | B1: Subject | C1: Session | D1: Clock.Information | E1: DataFile.Basename | F1: Display.RefreshRate | G1: ExperimentVersion | H1: Group | I1: Instructions.Duration | J1: Instructions.DurationError | K1: Instructions.OffsetDelay | L1: Instructions.OffsetTime | M1: Instructions.OnsetDelay | N1: Instructions.OnsetTime | O1: Instructions.OnsetToOnsetTime | P1: Instructions.RESP | Q1: Instructions.RT | R1: Instructions.RTTime | S1: RandomSeed | T1: RuntimeCapabilities | U1: RuntimeVersion | V1: RuntimeVersionExpected | W1: SessionDate | X1: SessionStartDateTimeUtc | Y1: SessionTime | Z1: StudioVersion | AA1: Trigger.DEVICE | AB1: Trigger.Duration | AC1: Trigger.DurationError | AD1: Trigger.OffsetTime | AE1: Trigger.OnsetDelay | AF1: Trigger.OnsetTime | AG1: Trigger.OnsetToOnsetTime | AH1: Trigger.RESP | AI1: Trigger.RT | AJ1: Trigger.RTTime | AK1: Block | AL1: aptTrials | AM1: aptTrials.Cycle | AN1: aptTrials.Sample | AO1: Choice | AP1: currentChoice | AQ1: decideduration | AR1: decideNew.ACC | AS1: decideNew.CRESP | AT1: decideNew.Duration | AU1: decideNew.DurationError | AV1: decideNew.FinishTime | AW1: decideNew.OffsetDelay | AX1: decideNew.OffsetTime | AY1: decideNew.OnsetDelay | AZ1: decideNew.OnsetTime | BA1: decideNew.OnsetToOnsetTime | BB1: decideNew.PreRelease | BC1: decideNew.RESP | BD1: decideNew.RT | BE1: decideNew.RTTime | BF1: decideNew.StartTime | BG1: decideNew.TargetOffsetTime | BH1: decideNew.TargetOnsetTime | BI1: inputduration | BJ1: inputresponse.ACC | BK1: inputresponse.CRESP | BL1: inputresponse.DEVICE | BM1: inputresponse.Duration | BN1: inputresponse.DurationError | BO1: inputresponse.FinishTime | BP1: inputresponse.OffsetTime | BQ1: inputresponse.OnsetDelay | BR1: inputresponse.OnsetTime | BS1: inputresponse.OnsetToOnsetTime | BT1: inputresponse.PreRelease | BU1: inputresponse.RESP | BV1: inputresponse.RT | BW1: inputresponse.RTTime | BX1: inputresponse.StartTime | BY1: inputresponse.TargetOffsetTime | BZ1: inputresponse.TargetOnsetTime | CA1: ISI | CB1: ISI.ACC | CC1: ISI.CRESP | CD1: ISI.Duration | CE1: ISI.DurationError | CF1: ISI.FinishTime | CG1: ISI.OffsetDelay | CH1: ISI.OffsetTime | CI1: ISI.OnsetDelay | CJ1: ISI.OnsetTime | CK1: ISI.OnsetToOnsetTime | CL1: ISI.PreRelease | CM1: ISI.RESP | CN1: ISI.RT | CO1: ISI.RTTime | CP1: ISI.StartTime | CQ1: ISI.TargetOffsetTime | CR1: ISI.TargetOnsetTime | CS1: maxpos | CT1: minpos | CU1: pos1 | CV1: pos10 | CW1: pos11 | CX1: pos2 | CY1: pos3 | CZ1: pos4 | DA1: pos5 | DB1: pos6 | DC1: pos7 | DD1: pos8 | DE1: pos9 | DF1: price | DG1: Procedure | DH1: Running | DI1: start.Duration | DJ1: start.DurationError | DK1: start.OffsetTime | DL1: start.OnsetDelay | DM1: start.OnsetTime | DN1: start.OnsetToOnsetTime | DO1: submitduration | DP1: submitted.ACC | DQ1: submitted.CRESP | DR1: submitted.Duration | DS1: submitted.DurationError | DT1: submitted.FinishTime | DU1: submitted.OffsetDelay | DV1: submitted.OffsetTime | DW1: submitted.OnsetDelay | DX1: submitted.OnsetTime | DY1: submitted.OnsetToOnsetTime | DZ1: submitted.PreRelease | EA1: submitted.RESP | EB1: submitted.RT | EC1: submitted.RTTime | ED1: submitted.StartTime | EE1: submitted.TargetOffsetTime | EF1: submitted.TargetOnsetTime | EG1: trialnumber
A2: R01_NE_APT Run 3_OverSampleLow_Penultimate Prices EP3_Mar22 | B2: XXXX | C2: 1 | D2: <?xml version="1.0"?>\n<Clock xmlns:dt="urn:schemas-microsoft-com:datatypes"><Description dt:dt="string">E-Prime Primary Realtime Clock</Description><StartTime><Timestamp dt:dt="int">0</Timestamp><DateUtc dt:dt="string">2019-07-05T13:33:29Z</DateUtc></StartTime><FrequencyChanges><FrequencyChange><Frequency dt:dt="r8">2531445</Frequency><Timestamp dt:dt="r8">14965378954</Timestamp><Current dt:dt="r8">0</Current><DateUtc dt:dt="string">2019-07-05T13:33:29Z</DateUtc></FrequencyChange></FrequencyChanges></Clock>\n | E2: R01_NE_APT Run 3_OverSampleLow_Penultimate Prices EP3_Mar22-01002-1 | F2: 59.955 | G2: 1.0.0.111 | H2: 1 | I2: 6000 | J2: -32 | K2: 0 | L2: 26312 | M2: 32 | N2: 20444 | O2: 5971 | Q2: 0 | R2: 0 | S2: 2080927215 | T2: Full | U2: 3.0.3.80 | V2: 3.0.3.80 | W2: 5/7/2019 | X2: 7/5/2019 13:33 | Y2: 0.39826389 | Z2: 3.0.3.82 | AA2: Keyboard | AB2: -1 | AC2: -999999 | AD2: 20412 | AE2: 24 | AF2: 7735 | AG2: 0 | AH2: 5 | AI2: 12677 | AJ2: 20412 | AK2: 1 | AL2: 1 | AM2: 1 | AN2: 1 | AO2: 9 | AP2: ? | AQ2: 4000 | AR2: 0 | AT2: 4000 | AU2: -3 | AV2: 30312 | AW2: 0 | AX2: 30312 | AY2: 3 | AZ2: 26415 | BA2: 4004 | BB2: 100 | BD2: 0 | BE2: 0 | BF2: 26314 | BG2: 30312 | BH2: 26412 | BI2: 7000 | BJ2: 0 | BL2: Keyboard | BM2: 7000 | BN2: -999999 | BO2: 33089 | BP2: 33089 | BQ2: 47 | BR2: 32720 | BS2: 0 | BT2: 100 | BU2: 1 | BV2: 369 | BW2: 33089 | BX2: 32677 | BY2: 39573 | BZ2: 32673 | CA2: 6000 | CB2: 0 | CD2: 6000 | CE2: -12 | CF2: 43312 | CG2: 0 | CH2: 43312 | CI2: 12 | CJ2: 37424 | CK2: 0 | CL2: 100 | CN2: 0 | CO2: 0 | CP2: 37312 | CQ2: 43312 | CR2: 37412 | CS2: 15 | CT2: 4 | CU2: 0 | CV2: 9 | CW2: 10 | CX2: 1 | CY2: 2 | CZ2: 3 | DA2: 4 | DB2: 5 | DC2: 6 | DD2: 7 | DE2: 8 | DF2: $0.00 each? | DG2: aptTrialProc | DH2: aptTrials | DI2: 0 | DJ2: 0 | DK2: 30419 | DL2: 7 | DM2: 30419 | DN2: 50 | DO2: 7000 | DP2: 0 | DR2: 7000 | DS2: -2725 | DT2: 37312 | DU2: 0 | DV2: 37312 | DW2: 2725 | DX2: 33137 | DY2: 4287 | DZ2: 100 | EB2: 0 | EC2: 0 | ED2: 33092 | EE2: 37312 | EF2: 30412 | EG2: 1
A3: R01_NE_APT Run 3_OverSampleLow_Penultimate Prices EP3_Mar22 | B3: XXXX | C3: 1 | D3: <?xml version="1.0"?>\n<Clock xmlns:dt="urn:schemas-microsoft-com:datatypes"><Description dt:dt="string">E-Prime Primary Realtime Clock</Description><StartTime><Timestamp dt:dt="int">0</Timestamp><DateUtc dt:dt="string">2019-07-05T13:33:29Z</DateUtc></StartTime><FrequencyChanges><FrequencyChange><Frequency dt:dt="r8">2531445</Frequency><Timestamp dt:dt="r8">14965378954</Timestamp><Current dt:dt="r8">0</Current><DateUtc dt:dt="string">2019-07-05T13:33:29Z</DateUtc></FrequencyChange></FrequencyChanges></Clock>\n | E3: R01_NE_APT Run 3_OverSampleLow_Penultimate Prices EP3_Mar22-01002-1 | F3: 59.955 | G3: 1.0.0.111 | H3: 1 | I3: 6000 | J3: -32 | K3: 0 | L3: 26312 | M3: 32 | N3: 20444 | O3: 5971 | Q3: 0 | R3: 0 | S3: 2080927215 | T3: Full | U3: 3.0.3.80 | V3: 3.0.3.80 | W3: 5/7/2019 | X3: 7/5/2019 13:33 | Y3: 0.39826389 | Z3: 3.0.3.82 | AA3: Keyboard | AB3: -1 | AC3: -999999 | AD3: 20412 | AE3: 24 | AF3: 7735 | AG3: 0 | AH3: 5 | AI3: 12677 | AJ3: 20412 | AK3: 2 | AL3: 2 | AM3: 1 | AN3: 2 | AO3: 5 | AP3: ? | AQ3: 4000 | AR3: 0 | AT3: 4000 | AU3: 0 | AV3: 47312 | AW3: 0 | AX3: 47312 | AY3: 0 | AZ3: 43412 | BA3: 4003 | BB3: 100 | BD3: 0 | BE3: 0 | BF3: 43317 | BG3: 47312 | BH3: 43412 | BI3: 7000 | BJ3: 0 | BL3: Keyboard | BM3: 7000 | BN3: -999999 | BO3: 48520 | BP3: 48520 | BQ3: 55 | BR3: 48015 | BS3: 0 | BT3: 100 | BU3: 1 | BV3: 505 | BW3: 48520 | BX3: 47965 | BY3: 54860 | BZ3: 47960 | CA3: 12000 | CB3: 0 | CD3: 12000 | CE3: -8 | CF3: 66312 | CG3: 0 | CH3: 66312 | CI3: 8 | CJ3: 54420 | CK3: 0 | CL3: 100 | CN3: 0 | CO3: 0 | CP3: 54312 | CQ3: 66312 | CR3: 54412 | CS3: 15 | CT3: 4 | CU3: 0 | CV3: 9 | CW3: 10 | CX3: 1 | CY3: 2 | CZ3: 3 | DA3: 4 | DB3: 5 | DC3: 6 | DD3: 7 | DE3: 8 | DF3: $7.00 each? | DG3: aptTrialProc | DH3: aptTrials | DI3: 0 | DJ3: 0 | DK3: 47415 | DL3: 3 | DM3: 47415 | DN3: 50 | DO3: 7000 | DP3: 0 | DR3: 7000 | DS3: -1154 | DT3: 54312 | DU3: 0 | DV3: 54312 | DW3: 1154 | DX3: 48566 | DY3: 5854 | DZ3: 100 | EB3: 0 | EC3: 0 | ED3: 48522 | EE3: 54312 | EF3: 47412 | EG3: 2
A4: R01_NE_APT Run 3_OverSampleLow_Penultimate Prices EP3_Mar22 | B4: XXXX | C4: 1 | D4: <?xml version="1.0"?>\n<Clock xmlns:dt="urn:schemas-microsoft-com:datatypes"><Description dt:dt="string">E-Prime Primary Realtime Clock</Description><StartTime><Timestamp dt:dt="int">0</Timestamp><DateUtc dt:dt="string">2019-07-05T13:33:29Z</DateUtc></StartTime><FrequencyChanges><FrequencyChange><Frequency dt:dt="r8">2531445</Frequency><Timestamp dt:dt="r8">14965378954</Timestamp><Current dt:dt="r8">0</Current><DateUtc dt:dt="string">2019-07-05T13:33:29Z</DateUtc></FrequencyChange></FrequencyChanges></Clock>\n | E4: R01_NE_APT Run 3_OverSampleLow_Penultimate Prices EP3_Mar22-01002-1 | F4: 59.955 | G4: 1.0.0.111 | H4: 1 | I4: 6000 | J4: -32 | K4: 0 | L4: 26312 | M4: 32 | N4: 20444 | O4: 5971 | Q4: 0 | R4: 0 | S4: 2080927215 | T4: Full | U4: 3.0.3.80 | V4: 3.0.3.80 | W4: 5/7/2019 | X4: 7/5/2019 13:33 | Y4: 0.39826389 | Z4: 3.0.3.82 | AA4: Keyboard | AB4: -1 | AC4: -999999 | AD4: 20412 | AE4: 24 | AF4: 7735 | AG4: 0 | AH4: 5 | AI4: 12677 | AJ4: 20412 | AK4: 3 | AL4: 3 | AM4: 1 | AN4: 3 | AO4: 0 | AP4: ? | AQ4: 4000 | AR4: 0 | AT4: 4000 | AU4: 0 | AV4: 70312 | AW4: 0 | AX4: 70312 | AY4: 0 | AZ4: 66412 | BA4: 4003 | BB4: 100 | BD4: 0 | BE4: 0 | BF4: 66317 | BG4: 70312 | BH4: 66412 | BI4: 7000 | BJ4: 0 | BL4: Keyboard | BM4: 7000 | BN4: -999999 | BO4: 72638 | BP4: 72638 | BQ4: 55 | BR4: 72317 | BS4: 0 | BT4: 100 | BU4: 1 | BV4: 321 | BW4: 72638 | BX4: 72267 | BY4: 79162 | BZ4: 72262 | CA4: 8000 | CB4: 0 | CD4: 8000 | CE4: -9 | CF4: 85312 | CG4: 0 | CH4: 85312 | CI4: 9 | CJ4: 77421 | CK4: 0 | CL4: 100 | CN4: 0 | CO4: 0 | CP4: 77312 | CQ4: 85312 | CR4: 77412 | CS4: 15 | CT4: 4 | CU4: 0 | CV4: 9 | CW4: 10 | CX4: 1 | CY4: 2 | CZ4: 3 | DA4: 4 | DB4: 5 | DC4: 6 | DD4: 7 | DE4: 8 | DF4: $60.00 each? | DG4: aptTrialProc | DH4: aptTrials | DI4: 0 | DJ4: 1 | DK4: 70416 | DL4: 3 | DM4: 70415 | DN4: 50 | DO4: 7000 | DP4: 0 | DR4: 7000 | DS4: -2272 | DT4: 77312 | DU4: 0 | DV4: 77312 | DW4: 2272 | DX4: 72684 | DY4: 4737 | DZ4: 100 | EB4: 0 | EC4: 0 | ED4: 72641 | EE4: 77312 | EF4: 70412 | EG4: 3
A5: R01_NE_APT Run 3_OverSampleLow_Penultimate Prices EP3_Mar22 | B5: XXXX | C5: 1 | D5: <?xml version="1.0"?>\n<Clock xmlns:dt="urn:schemas-microsoft-com:datatypes"><Description dt:dt="string">E-Prime Primary Realtime Clock</Description><StartTime><Timestamp dt:dt="int">0</Timestamp><DateUtc dt:dt="string">2019-07-05T13:33:29Z</DateUtc></StartTime><FrequencyChanges><FrequencyChange><Frequency dt:dt="r8">2531445</Frequency><Timestamp dt:dt="r8">14965378954</Timestamp><Current dt:dt="r8">0</Current><DateUtc dt:dt="string">2019-07-05T13:33:29Z</DateUtc></FrequencyChange></FrequencyChanges></Clock>\n | E5: R01_NE_APT Run 3_OverSampleLow_Penultimate Prices EP3_Mar22-01002-1 | F5: 59.955 | G5: 1.0.0.111 | H5: 1 | I5: 6000 | J5: -32 | K5: 0 | L5: 26312 | M5: 32 | N5: 20444 | O5: 5971 | Q5: 0 | R5: 0 | S5: 2080927215 | T5: Full | U5: 3.0.3.80 | V5: 3.0.3.80 | W5: 5/7/2019 | X5: 7/5/2019 13:33 | Y5: 0.39826389 | Z5: 3.0.3.82 | AA5: Keyboard | AB5: -1 | AC5: -999999 | AD5: 20412 | AE5: 24 | AF5: 7735 | AG5: 0 | AH5: 5 | AI5: 12677 | AJ5: 20412 | AK5: 4 | AL5: 4 | AM5: 1 | AN5: 4 | AO5: 8 | AP5: ? | AQ5: 4000 | AR5: 0 | AT5: 4000 | AU5: -15 | AV5: 89312 | AW5: 0 | AX5: 89312 | AY5: 15 | AZ5: 85427 | BA5: 3986 | BB5: 100 | BD5: 0 | BE5: 0 | BF5: 85317 | BG5: 89312 | BH5: 85412 | BI5: 7000 | BJ5: 0 | BL5: Keyboard | BM5: 7000 | BN5: -999999 | BO5: 91325 | BP5: 91325 | BQ5: 53 | BR5: 90898 | BS5: 0 | BT5: 100 | BU5: 1 | BV5: 426 | BW5: 91324 | BX5: 90849 | BY5: 97745 | BZ5: 90845 | CA5: 4000 | CB5: 0 | CD5: 4000 | CE5: -6 | CF5: 100312 | CG5: 0 | CH5: 100312 | CI5: 6 | CJ5: 96418 | CK5: 0 | CL5: 100 | CN5: 0 | CO5: 0 | CP5: 96312 | CQ5: 100312 | CR5: 96412 | CS5: 15 | CT5: 4 | CU5: 0 | CV5: 9 | CW5: 10 | CX5: 1 | CY5: 2 | CZ5: 3 | DA5: 4 | DB5: 5 | DC5: 6 | DD5: 7 | DE5: 8 | DF5: $0.02 each? | DG5: aptTrialProc | DH5: aptTrials | DI5: 0 | DJ5: 0 | DK5: 89413 | DL5: 1 | DM5: 89413 | DN5: 50 | DO5: 7000 | DP5: 0 | DR5: 7000 | DS5: -1969 | DT5: 96312 | DU5: 0 | DV5: 96312 | DW5: 1969 | DX5: 91381 | DY5: 5037 | DZ5: 100 | EB5: 0 | EC5: 0 | ED5: 91327 | EE5: 96312 | EF5: 89412 | EG5: 4
A6: R01_NE_APT Run 3_OverSampleLow_Penultimate Prices EP3_Mar22 | B6: XXXX | C6: 1 | D6: <?xml version="1.0"?>\n<Clock xmlns:dt="urn:schemas-microsoft-com:datatypes"><Description dt:dt="string">E-Prime Primary Realtime Clock</Description><StartTime><Timestamp dt:dt="int">0</Timestamp><DateUtc dt:dt="string">2019-07-05T13:33:29Z</DateUtc></StartTime><FrequencyChanges><FrequencyChange><Frequency dt:dt="r8">2531445</Frequency><Timestamp dt:dt="r8">14965378954</Timestamp><Current dt:dt="r8">0</Current><DateUtc dt:dt="string">2019-07-05T13:33:29Z</DateUtc></FrequencyChange></FrequencyChanges></Clock>\n | E6: R01_NE_APT Run 3_OverSampleLow_Penultimate Prices EP3_Mar22-01002-1 | F6: 59.955 | G6: 1.0.0.111 | H6: 1 | I6: 6000 | J6: -32 | K6: 0 | L6: 26312 | M6: 32 | N6: 20444 | O6: 5971 | Q6: 0 | R6: 0 | S6: 2080927215 | T6: Full | U6: 3.0.3.80 | V6: 3.0.3.80 | W6: 5/7/2019 | X6: 7/5/2019 13:33 | Y6: 0.39826389 | Z6: 3.0.3.82 | AA6: Keyboard | AB6: -1 | AC6: -999999 | AD6: 20412 | AE6: 24 | AF6: 7735 | AG6: 0 | AH6: 5 | AI6: 12677 | AJ6: 20412 | AK6: 5 | AL6: 5 | AM6: 1 | AN6: 5 | AO6: 3 | AP6: ? | AQ6: 4000 | AR6: 0 | AT6: 4000 | AU6: -9 | AV6: 104312 | AW6: 0 | AX6: 104312 | AY6: 9 | AZ6: 100421 | BA6: 4003 | BB6: 100 | BD6: 0 | BE6: 0 | BF6: 100317 | BG6: 104312 | BH6: 100412 | BI6: 7000 | BJ6: 0 | BL6: Keyboard | BM6: 7000 | BN6: -999999 | BO6: 106884 | BP6: 106883 | BQ6: 60 | BR6: 106559 | BS6: 0 | BT6: 100 | BU6: 1 | BV6: 324 | BW6: 106883 | BX6: 106503 | BY6: 113399 | BZ6: 106499 | CA6: 4000 | CB6: 0 | CD6: 4000 | CE6: -1 | CF6: 115312 | CG6: 0 | CH6: 115312 | CI6: 1 | CJ6: 111413 | CK6: 0 | CL6: 100 | CN6: 0 | CO6: 0 | CP6: 111312 | CQ6: 115312 | CR6: 111412 | CS6: 15 | CT6: 4 | CU6: 0 | CV6: 9 | CW6: 10 | CX6: 1 | CY6: 2 | CZ6: 3 | DA6: 4 | DB6: 5 | DC6: 6 | DD6: 7 | DE6: 8 | DF6: $15.00 each? | DG6: aptTrialProc | DH6: aptTrials | DI6: 0 | DJ6: 0 | DK6: 104424 | DL6: 12 | DM6: 104424 | DN6: 50 | DO6: 7000 | DP6: 0 | DR6: 7000 | DS6: -2531 | DT6: 111312 | DU6: 0 | DV6: 111312 | DW6: 2531 | DX6: 106943 | DY6: 4470 | DZ6: 100 | EB6: 0 | EC6: 0 | ED6: 106886 | EE6: 111312 | EF6: 104412 | EG6: 5
A7: R01_NE_APT Run 3_OverSampleLow_Penultimate Prices EP3_Mar22 | B7: XXXX | C7: 1 | D7: <?xml version="1.0"?>\n<Clock xmlns:dt="urn:schemas-microsoft-com:datatypes"><Description dt:dt="string">E-Prime Primary Realtime Clock</Description><StartTime><Timestamp dt:dt="int">0</Timestamp><DateUtc dt:dt="string">2019-07-05T13:33:29Z</DateUtc></StartTime><FrequencyChanges><FrequencyChange><Frequency dt:dt="r8">2531445</Frequency><Timestamp dt:dt="r8">14965378954</Timestamp><Current dt:dt="r8">0</Current><DateUtc dt:dt="string">2019-07-05T13:33:29Z</DateUtc></FrequencyChange></FrequencyChanges></Clock>\n | E7: R01_NE_APT Run 3_OverSampleLow_Penultimate Prices EP3_Mar22-01002-1 | F7: 59.955 | G7: 1.0.0.111 | H7: 1 | I7: 6000 | J7: -32 | K7: 0 | L7: 26312 | M7: 32 | N7: 20444 | O7: 5971 | Q7: 0 | R7: 0 | S7: 2080927215 | T7: Full | U7: 3.0.3.80 | V7: 3.0.3.80 | W7: 5/7/2019 | X7: 7/5/2019 13:33 | Y7: 0.39826389 | Z7: 3.0.3.82 | AA7: Keyboard | AB7: -1 | AC7: -999999 | AD7: 20412 | AE7: 24 | AF7: 7735 | AG7: 0 | AH7: 5 | AI7: 12677 | AJ7: 20412 | AK7: 6 | AL7: 6 | AM7: 1 | AN7: 6 | AO7: 8 | AP7: ? | AQ7: 4000 | AR7: 0 | AT7: 4000 | AU7: -4 | AV7: 119312 | AW7: 0 | AX7: 119312 | AY7: 4 | AZ7: 115416 | BA7: 4003 | BB7: 100 | BD7: 0 | BE7: 0 | BF7: 115317 | BG7: 119312 | BH7: 115412 | BI7: 7000 | BJ7: 0 | BL7: Keyboard | BM7: 7000 | BN7: -999999 | BO7: 121147 | BP7: 121146 | BQ7: 59 | BR7: 120853 | BS7: 0 | BT7: 100 | BU7: 1 | BV7: 293 | BW7: 121146 | BX7: 120798 | BY7: 127694 | BZ7: 120794 | CA7: 2000 | CB7: 0 | CD7: 2000 | CE7: -12 | CF7: 128312 | CG7: 0 | CH7: 128312 | CI7: 12 | CJ7: 126424 | CK7: 0 | CL7: 100 | CN7: 0 | CO7: 0 | CP7: 126312 | CQ7: 128312 | CR7: 126412 | CS7: 15 | CT7: 4 | CU7: 0 | CV7: 9 | CW7: 10 | CX7: 1 | CY7: 2 | CZ7: 3 | DA7: 4 | DB7: 5 | DC7: 6 | DD7: 7 | DE7: 8 | DF7: $0.03 each? | DG7: aptTrialProc | DH7: aptTrials | DI7: 0 | DJ7: 0 | DK7: 119419 | DL7: 7 | DM7: 119419 | DN7: 50 | DO7: 7000 | DP7: 0 | DR7: 7000 | DS7: -1792 | DT7: 126312 | DU7: 0 | DV7: 126312 | DW7: 1792 | DX7: 121204 | DY7: 5220 | DZ7: 100 | EB7: 0 | EC7: 0 | ED7: 121148 | EE7: 126312 | EF7: 119412 | EG7: 6
A8: R01_NE_APT Run 3_OverSampleLow_Penultimate Prices EP3_Mar22 | B8: XXXX | C8: 1 | D8: <?xml version="1.0"?>\n<Clock xmlns:dt="urn:schemas-microsoft-com:datatypes"><Description dt:dt="string">E-Prime Primary Realtime Clock</Description><StartTime><Timestamp dt:dt="int">0</Timestamp><DateUtc dt:dt="string">2019-07-05T13:33:29Z</DateUtc></StartTime><FrequencyChanges><FrequencyChange><Frequency dt:dt="r8">2531445</Frequency><Timestamp dt:dt="r8">14965378954</Timestamp><Current dt:dt="r8">0</Current><DateUtc dt:dt="string">2019-07-05T13:33:29Z</DateUtc></FrequencyChange></FrequencyChanges></Clock>\n | E8: R01_NE_APT Run 3_OverSampleLow_Penultimate Prices EP3_Mar22-01002-1 | F8: 59.955 | G8: 1.0.0.111 | H8: 1 | I8: 6000 | J8: -32 | K8: 0 | L8: 26312 | M8: 32 | N8: 20444 | O8: 5971 | Q8: 0 | R8: 0 | S8: 2080927215 | T8: Full | U8: 3.0.3.80 | V8: 3.0.3.80 | W8: 5/7/2019 | X8: 7/5/2019 13:33 | Y8: 0.39826389 | Z8: 3.0.3.82 | AA8: Keyboard | AB8: -1 | AC8: -999999 | AD8: 20412 | AE8: 24 | AF8: 7735 | AG8: 0 | AH8: 5 | AI8: 12677 | AJ8: 20412 | AK8: 7 | AL8: 7 | AM8: 1 | AN8: 7 | AO8: 9 | AP8: ? | AQ8: 4000 | AR8: 0 | AT8: 4000 | AU8: -14 | AV8: 132312 | AW8: 0 | AX8: 132312 | AY8: 14 | AZ8: 128426 | BA8: 3986 | BB8: 100 | BD8: 0 | BE8: 0 | BF8: 128317 | BG8: 132312 | BH8: 128412 | BI8: 7000 | BJ8: 0 | BL8: Keyboard | BM8: 7000 | BN8: -999999 | BO8: 135193 | BP8: 135193 | BQ8: 49 | BR8: 134714 | BS8: 0 | BT8: 100 | BU8: 1 | BV8: 479 | BW8: 135193 | BX8: 134669 | BY8: 141565 | BZ8: 134665 | CA8: 8000 | CB8: 0 | CD8: 8000 | CE8: -5 | CF8: 147312 | CG8: 0 | CH8: 147312 | CI8: 5 | CJ8: 139417 | CK8: 0 | CL8: 100 | CN8: 0 | CO8: 0 | CP8: 139312 | CQ8: 147312 | CR8: 139412 | CS8: 15 | CT8: 4 | CU8: 0 | CV8: 9 | CW8: 10 | CX8: 1 | CY8: 2 | CZ8: 3 | DA8: 4 | DB8: 5 | DC8: 6 | DD8: 7 | DE8: 8 | DF8: $0.00 each? | DG8: aptTrialProc | DH8: aptTrials | DI8: 0 | DJ8: 0 | DK8: 132412 | DL8: 0 | DM8: 132412 | DN8: 50 | DO8: 7000 | DP8: 0 | DR8: 7000 | DS8: -2836 | DT8: 139312 | DU8: 0 | DV8: 139312 | DW8: 2836 | DX8: 135248 | DY8: 4169 | DZ8: 100 | EB8: 0 | EC8: 0 | ED8: 135196 | EE8: 139312 | EF8: 132412 | EG8: 7
A9: R01_NE_APT Run 3_OverSampleLow_Penultimate Prices EP3_Mar22 | B9: XXXX | C9: 1 | D9: <?xml version="1.0"?>\n<Clock xmlns:dt="urn:schemas-microsoft-com:datatypes"><Description dt:dt="string">E-Prime Primary Realtime Clock</Description><StartTime><Timestamp dt:dt="int">0</Timestamp><DateUtc dt:dt="string">2019-07-05T13:33:29Z</DateUtc></StartTime><FrequencyChanges><FrequencyChange><Frequency dt:dt="r8">2531445</Frequency><Timestamp dt:dt="r8">14965378954</Timestamp><Current dt:dt="r8">0</Current><DateUtc dt:dt="string">2019-07-05T13:33:29Z</DateUtc></FrequencyChange></FrequencyChanges></Clock>\n | E9: R01_NE_APT Run 3_OverSampleLow_Penultimate Prices EP3_Mar22-01002-1 | F9: 59.955 | G9: 1.0.0.111 | H9: 1 | I9: 6000 | J9: -32 | K9: 0 | L9: 26312 | M9: 32 | N9: 20444 | O9: 5971 | Q9: 0 | R9: 0 | S9: 2080927215 | T9: Full | U9: 3.0.3.80 | V9: 3.0.3.80 | W9: 5/7/2019 | X9: 7/5/2019 13:33 | Y9: 0.39826389 | Z9: 3.0.3.82 | AA9: Keyboard | AB9: -1 | AC9: -999999 | AD9: 20412 | AE9: 24 | AF9: 7735 | AG9: 0 | AH9: 5 | AI9: 12677 | AJ9: 20412 | AK9: 8 | AL9: 8 | AM9: 1 | AN9: 8 | AO9: 4 | AP9: ? | AQ9: 4000 | AR9: 0 | AT9: 4000 | AU9: -11 | AV9: 151312 | AW9: 0 | AX9: 151312 | AY9: 11 | AZ9: 147423 | BA9: 4003 | BB9: 100 | BD9: 0 | BE9: 0 | BF9: 147317 | BG9: 151312 | BH9: 147412 | BI9: 7000 | BJ9: 0 | BL9: Keyboard | BM9: 7000 | BN9: -999999 | BO9: 154264 | BP9: 154264 | BQ9: 48 | BR9: 153912 | BS9: 0 | BT9: 100 | BU9: 1 | BV9: 352 | BW9: 154264 | BX9: 153868 | BY9: 160764 | BZ9: 153864 | CA9: 8000 | CB9: 0 | CD9: 8000 | CE9: -3 | CF9: 166312 | CG9: 0 | CH9: 166312 | CI9: 3 | CJ9: 158415 | CK9: 0 | CL9: 100 | CN9: 0 | CO9: 0 | CP9: 158312 | CQ9: 166312 | CR9: 158412 | CS9: 15 | CT9: 4 | CU9: 0 | CV9: 9 | CW9: 10 | CX9: 1 | CY9: 2 | CZ9: 3 | DA9: 4 | DB9: 5 | DC9: 6 | DD9: 7 | DE9: 8 | DF9: $11.00 each? | DG9: aptTrialProc | DH9: aptTrials | DI9: 0 | DJ9: 0 | DK9: 151426 | DL9: 14 | DM9: 151426 | DN9: 51 | DO9: 7000 | DP9: 0 | DR9: 7000 | DS9: -2900 | DT9: 158312 | DU9: 0 | DV9: 158312 | DW9: 2900 | DX9: 154312 | DY9: 4103 | DZ9: 100 | EB9: 0 | EC9: 0 | ED9: 154266 | EE9: 158312 | EF9: 151412 | EG9: 8
A10: R01_NE_APT Run 3_OverSampleLow_Penultimate Prices EP3_Mar22 | B10: XXXX | C10: 1 | D10: <?xml version="1.0"?>\n<Clock xmlns:dt="urn:schemas-microsoft-com:datatypes"><Description dt:dt="string">E-Prime Primary Realtime Clock</Description><StartTime><Timestamp dt:dt="int">0</Timestamp><DateUtc dt:dt="string">2019-07-05T13:33:29Z</DateUtc></StartTime><FrequencyChanges><FrequencyChange><Frequency dt:dt="r8">2531445</Frequency><Timestamp dt:dt="r8">14965378954</Timestamp><Current dt:dt="r8">0</Current><DateUtc dt:dt="string">2019-07-05T13:33:29Z</DateUtc></FrequencyChange></FrequencyChanges></Clock>\n | E10: R01_NE_APT Run 3_OverSampleLow_Penultimate Prices EP3_Mar22-01002-1 | F10: 59.955 | G10: 1.0.0.111 | H10: 1 | I10: 6000 | J10: -32 | K10: 0 | L10: 26312 | M10: 32 | N10: 20444 | O10: 5971 | Q10: 0 | R10: 0 | S10: 2080927215 | T10: Full | U10: 3.0.3.80 | V10: 3.0.3.80 | W10: 5/7/2019 | X10: 7/5/2019 13:33 | Y10: 0.39826389 | Z10: 3.0.3.82 | AA10: Keyboard | AB10: -1 | AC10: -999999 | AD10: 20412 | AE10: 24 | AF10: 7735 | AG10: 0 | AH10: 5 | AI10: 12677 | AJ10: 20412 | AK10: 9 | AL10: 9 | AM10: 1 | AN10: 9 | AO10: 0 | AP10: ? | AQ10: 4000 | AR10: 0 | AT10: 4000 | AU10: -9 | AV10: 170312 | AW10: 0 | AX10: 170312 | AY10: 9 | AZ10: 166421 | BA10: 4003 | BB10: 100 | BD10: 0 | BE10: 0 | BF10: 166317 | BG10: 170312 | BH10: 166412 | BI10: 7000 | BJ10: 0 | BL10: Keyboard | BM10: 7000 | BN10: -999999 | BO10: 172710 | BP10: 172710 | BQ10: 48 | BR10: 172342 | BS10: 0 | BT10: 100 | BU10: 1 | BV10: 368 | BW10: 172710 | BX10: 172299 | BY10: 179194 | BZ10: 172294 | CA10: 10000 | CB10: 0 | CD10: 10000 | CE10: -1 | CF10: 187312 | CG10: 0 | CH10: 187312 | CI10: 1 | CJ10: 177413 | CK10: 0 | CL10: 100 | CN10: 0 | CO10: 0 | CP10: 177312 | CQ10: 187312 | CR10: 177412 | CS10: 15 | CT10: 4 | CU10: 0 | CV10: 9 | CW10: 10 | CX10: 1 | CY10: 2 | CZ10: 3 | DA10: 4 | DB10: 5 | DC10: 6 | DD10: 7 | DE10: 8 | DF10: $70.00 each? | DG10: aptTrialProc | DH10: aptTrials | DI10: 0 | DJ10: 0 | DK10: 170424 | DL10: 12 | DM10: 170424 | DN10: 50 | DO10: 7000 | DP10: 0 | DR10: 7000 | DS10: -2347 | DT10: 177312 | DU10: 0 | DV10: 177312 | DW10: 2347 | DX10: 172759 | DY10: 4654 | DZ10: 100 | EB10: 0 | EC10: 0 | ED10: 172713 | EE10: 177312 | EF10: 170412 | EG10: 9
A11: R01_NE_APT Run 3_OverSampleLow_Penultimate Prices EP3_Mar22 | B11: XXXX | C11: 1 | D11: <?xml version="1.0"?>\n<Clock xmlns:dt="urn:schemas-microsoft-com:datatypes"><Description dt:dt="string">E-Prime Primary Realtime Clock</Description><StartTime><Timestamp dt:dt="int">0</Timestamp><DateUtc dt:dt="string">2019-07-05T13:33:29Z</DateUtc></StartTime><FrequencyChanges><FrequencyChange><Frequency dt:dt="r8">2531445</Frequency><Timestamp dt:dt="r8">14965378954</Timestamp><Current dt:dt="r8">0</Current><DateUtc dt:dt="string">2019-07-05T13:33:29Z</DateUtc></FrequencyChange></FrequencyChanges></Clock>\n | E11: R01_NE_APT Run 3_OverSampleLow_Penultimate Prices EP3_Mar22-01002-1 | F11: 59.955 | G11: 1.0.0.111 | H11: 1 | I11: 6000 | J11: -32 | K11: 0 | L11: 26312 | M11: 32 | N11: 20444 | O11: 5971 | Q11: 0 | R11: 0 | S11: 2080927215 | T11: Full | U11: 3.0.3.80 | V11: 3.0.3.80 | W11: 5/7/2019 | X11: 7/5/2019 13:33 | Y11: 0.39826389 | Z11: 3.0.3.82 | AA11: Keyboard | AB11: -1 | AC11: -999999 | AD11: 20412 | AE11: 24 | AF11: 7735 | AG11: 0 | AH11: 5 | AI11: 12677 | AJ11: 20412 | AK11: 10 | AL11: 10 | AM11: 1 | AN11: 10 | AO11: 8 | AP11: ? | AQ11: 4000 | AR11: 0 | AT11: 4000 | AU11: -8 | AV11: 191312 | AW11: 0 | AX11: 191312 | AY11: 8 | AZ11: 187420 | BA11: 4003 | BB11: 100 | BD11: 0 | BE11: 0 | BF11: 187317 | BG11: 191312 | BH11: 187412 | BI11: 7000 | BJ11: 0 | BL11: Keyboard | BM11: 7000 | BN11: -999999 | BO11: 193981 | BP11: 193981 | BQ11: 45 | BR11: 193058 | BS11: 0 | BT11: 100 | BU11: 1 | BV11: 923 | BW11: 193981 | BX11: 193017 | BY11: 199913 | BZ11: 193013 | CA11: 4000 | CB11: 0 | CD11: 4000 | CE11: 0 | CF11: 202312 | CG11: 0 | CH11: 202312 | CI11: 0 | CJ11: 198412 | CK11: 0 | CL11: 100 | CN11: 0 | CO11: 0 | CP11: 198312 | CQ11: 202312 | CR11: 198412 | CS11: 15 | CT11: 4 | CU11: 0 | CV11: 9 | CW11: 10 | CX11: 1 | CY11: 2 | CZ11: 3 | DA11: 4 | DB11: 5 | DC11: 6 | DD11: 7 | DE11: 8 | DF11: $0.04 each? | DG11: aptTrialProc | DH11: aptTrials | DI11: 0 | DJ11: 0 | DK11: 191423 | DL11: 11 | DM11: 191423 | DN11: 50 | DO11: 7000 | DP11: 0 | DR11: 7000 | DS11: -2613 | DT11: 198312 | DU11: 0 | DV11: 198312 | DW11: 2613 | DX11: 194025 | DY11: 4387 | DZ11: 100 | EB11: 0 | EC11: 0 | ED11: 193983 | EE11: 198312 | EF11: 191412 | EG11: 10
A12: R01_NE_APT Run 3_OverSampleLow_Penultimate Prices EP3_Mar22 | B12: XXXX | C12: 1 | D12: <?xml version="1.0"?>\n<Clock xmlns:dt="urn:schemas-microsoft-com:datatypes"><Description dt:dt="string">E-Prime Primary Realtime Clock</Description><StartTime><Timestamp dt:dt="int">0</Timestamp><DateUtc dt:dt="string">2019-07-05T13:33:29Z</DateUtc></StartTime><FrequencyChanges><FrequencyChange><Frequency dt:dt="r8">2531445</Frequency><Timestamp dt:dt="r8">14965378954</Timestamp><Current dt:dt="r8">0</Current><DateUtc dt:dt="string">2019-07-05T13:33:29Z</DateUtc></FrequencyChange></FrequencyChanges></Clock>\n | E12: R01_NE_APT Run 3_OverSampleLow_Penultimate Prices EP3_Mar22-01002-1 | F12: 59.955 | G12: 1.0.0.111 | H12: 1 | I12: 6000 | J12: -32 | K12: 0 | L12: 26312 | M12: 32 | N12: 20444 | O12: 5971 | Q12: 0 | R12: 0 | S12: 2080927215 | T12: Full | U12: 3.0.3.80 | V12: 3.0.3.80 | W12: 5/7/2019 | X12: 7/5/2019 13:33 | Y12: 0.39826389 | Z12: 3.0.3.82 | AA12: Keyboard | AB12: -1 | AC12: -999999 | AD12: 20412 | AE12: 24 | AF12: 7735 | AG12: 0 | AH12: 5 | AI12: 12677 | AJ12: 20412 | AK12: 11 | AL12: 11 | AM12: 1 | AN12: 11 | AO12: 0 | AP12: ? | AQ12: 4000 | AR12: 0 | AT12: 4000 | AU12: -3 | AV12: 206312 | AW12: 0 | AX12: 206312 | AY12: 3 | AZ12: 202415 | BA12: 4003 | BB12: 100 | BD12: 0 | BE12: 0 | BF12: 202317 | BG12: 206312 | BH12: 202412 | BI12: 7000 | BJ12: 0 | BL12: Keyboard | BM12: 7000 | BN12: -999999 | BO12: 208860 | BP12: 208860 | BQ12: 37 | BR12: 208553 | BS12: 0 | BT12: 100 | BU12: 1 | BV12: 306 | BW12: 208859 | BX12: 208519 | BY12: 215416 | BZ12: 208516 | CA12: 4000 | CB12: 0 | CD12: 4000 | CE12: -11 | CF12: 217312 | CG12: 0 | CH12: 217312 | CI12: 11 | CJ12: 213423 | CK12: 0 | CL12: 100 | CN12: 0 | CO12: 0 | CP12: 213312 | CQ12: 217312 | CR12: 213412 | CS12: 15 | CT12: 4 | CU12: 0 | CV12: 9 | CW12: 10 | CX12: 1 | CY12: 2 | CZ12: 3 | DA12: 4 | DB12: 5 | DC12: 6 | DD12: 7 | DE12: 8 | DF12: $60.00 each? | DG12: aptTrialProc | DH12: aptTrials | DI12: 0 | DJ12: 0 | DK12: 206418 | DL12: 6 | DM12: 206418 | DN12: 50 | DO12: 7000 | DP12: 0 | DR12: 7000 | DS12: -2491 | DT12: 213312 | DU12: 0 | DV12: 213312 | DW12: 2491 | DX12: 208903 | DY12: 4520 | DZ12: 100 | EB12: 0 | EC12: 0 | ED12: 208862 | EE12: 213312 | EF12: 206412 | EG12: 11
A13: R01_NE_APT Run 3_OverSampleLow_Penultimate Prices EP3_Mar22 | B13: XXXX | C13: 1 | D13: <?xml version="1.0"?>\n<Clock xmlns:dt="urn:schemas-microsoft-com:datatypes"><Description dt:dt="string">E-Prime Primary Realtime Clock</Description><StartTime><Timestamp dt:dt="int">0</Timestamp><DateUtc dt:dt="string">2019-07-05T13:33:29Z</DateUtc></StartTime><FrequencyChanges><FrequencyChange><Frequency dt:dt="r8">2531445</Frequency><Timestamp dt:dt="r8">14965378954</Timestamp><Current dt:dt="r8">0</Current><DateUtc dt:dt="string">2019-07-05T13:33:29Z</DateUtc></FrequencyChange></FrequencyChanges></Clock>\n | E13: R01_NE_APT Run 3_OverSampleLow_Penultimate Prices EP3_Mar22-01002-1 | F13: 59.955 | G13: 1.0.0.111 | H13: 1 | I13: 6000 | J13: -32 | K13: 0 | L13: 26312 | M13: 32 | N13: 20444 | O13: 5971 | Q13: 0 | R13: 0 | S13: 2080927215 | T13: Full | U13: 3.0.3.80 | V13: 3.0.3.80 | W13: 5/7/2019 | X13: 7/5/2019 13:33 | Y13: 0.39826389 | Z13: 3.0.3.82 | AA13: Keyboard | AB13: -1 | AC13: -999999 | AD13: 20412 | AE13: 24 | AF13: 7735 | AG13: 0 | AH13: 5 | AI13: 12677 | AJ13: 20412 | AK13: 12 | AL13: 12 | AM13: 1 | AN13: 12 | AO13: 9 | AP13: ? | AQ13: 4000 | AR13: 0 | AT13: 4000 | AU13: -14 | AV13: 221312 | AW13: 0 | AX13: 221312 | AY13: 14 | AZ13: 217426 | BA13: 3986 | BB13: 100 | BD13: 0 | BE13: 0 | BF13: 217317 | BG13: 221312 | BH13: 217412 | BI13: 7000 | BJ13: 0 | BL13: Keyboard | BM13: 7000 | BN13: -999999 | BO13: 224195 | BP13: 224194 | BQ13: 48 | BR13: 223714 | BS13: 0 | BT13: 100 | BU13: 1 | BV13: 480 | BW13: 224194 | BX13: 223671 | BY13: 230566 | BZ13: 223666 | CA13: 2000 | CB13: 0 | CD13: 2000 | CE13: -6 | CF13: 230312 | CG13: 0 | CH13: 230312 | CI13: 6 | CJ13: 228418 | CK13: 0 | CL13: 100 | CN13: 0 | CO13: 0 | CP13: 228312 | CQ13: 230312 | CR13: 228412 | CS13: 15 | CT13: 4 | CU13: 0 | CV13: 9 | CW13: 10 | CX13: 1 | CY13: 2 | CZ13: 3 | DA13: 4 | DB13: 5 | DC13: 6 | DD13: 7 | DE13: 8 | DF13: $0.00 each? | DG13: aptTrialProc | DH13: aptTrials | DI13: 0 | DJ13: 0 | DK13: 221412 | DL13: 0 | DM13: 221412 | DN13: 51 | DO13: 7000 | DP13: 0 | DR13: 7000 | DS13: -2836 | DT13: 228312 | DU13: 0 | DV13: 228312 | DW13: 2836 | DX13: 224248 | DY13: 4170 | DZ13: 100 | EB13: 0 | EC13: 0 | ED13: 224197 | EE13: 228312 | EF13: 221412 | EG13: 12
... A31: R01_NE_APT Run 3_OverSampleLow_Penultimate Prices EP3_Mar22 | B31: XXXX | C31: 1 | D31: <?xml version="1.0"?>\n<Clock xmlns:dt="urn:schemas-microsoft-com:datatypes"><Description dt:dt="string">E-Prime Primary Realtime Clock</Description><StartTime><Timestamp dt:dt="int">0</Timestamp><DateUtc dt:dt="string">2019-07-05T13:33:29Z</DateUtc></StartTime><FrequencyChanges><FrequencyChange><Frequency dt:dt="r8">2531445</Frequency><Timestamp dt:dt="r8">14965378954</Timestamp><Current dt:dt="r8">0</Current><DateUtc dt:dt="string">2019-07-05T13:33:29Z</DateUtc></FrequencyChange></FrequencyChanges></Clock>\n | E31: R01_NE_APT Run 3_OverSampleLow_Penultimate Prices EP3_Mar22-01002-1 | F31: 59.955 | G31: 1.0.0.111 | H31: 1 | I31: 6000 | J31: -32 | K31: 0 | L31: 26312 | M31: 32 | N31: 20444 | O31: 5971 | Q31: 0 | R31: 0 | S31: 2080927215 | T31: Full | U31: 3.0.3.80 | V31: 3.0.3.80 | W31: 5/7/2019 | X31: 7/5/2019 13:33 | Y31: 0.39826389 | Z31: 3.0.3.82 | AA31: Keyboard | AB31: -1 | AC31: -999999 | AD31: 20412 | AE31: 24 | AF31: 7735 | AG31: 0 | AH31: 5 | AI31: 12677 | AJ31: 20412 | AK31: 30 | AL31: 30 | AM31: 1 | AN31: 30 | AO31: 8 | AP31: ? | AQ31: 4000 | AR31: 0 | AT31: 4000 | AU31: -1 | AV31: 513312 | AW31: 0 | AX31: 513312 | AY31: 1 | AZ31: 509413 | BA31: 4003 | BB31: 100 | BD31: 0 | BE31: 0 | BF31: 509317 | BG31: 513312 | BH31: 509412 | BI31: 7000 | BJ31: 0 | BL31: Keyboard | BM31: 7000 | BN31: -999999 | BO31: 515044 | BP31: 515044 | BQ31: 39 | BR31: 514667 | BS31: 0 | BT31: 100 | BU31: 1 | BV31: 377 | BW31: 515044 | BX31: 514631 | BY31: 521528 | BZ31: 514628 | CA31: 4000 | CB31: 0 | CD31: 4000 | CE31: -9 | CF31: 524312 | CG31: 0 | CH31: 524312 | CI31: 9 | CJ31: 520421 | CK31: 0 | CL31: 100 | CN31: 0 | CO31: 0 | CP31: 520312 | CQ31: 524312 | CR31: 520412 | CS31: 15 | CT31: 4 | CU31: 0 | CV31: 9 | CW31: 10 | CX31: 1 | CY31: 2 | CZ31: 3 | DA31: 4 | DB31: 5 | DC31: 6 | DD31: 7 | DE31: 8 | DF31: $0.05 each? | DG31: aptTrialProc | DH31: aptTrials | DI31: 0 | DJ31: 0 | DK31: 513416 | DL31: 4 | DM31: 513416 | DN31: 50 | DO31: 7000 | DP31: 0 | DR31: 7000 | DS31: -1672 | DT31: 520312 | DU31: 0 | DV31: 520312 | DW31: 1672 | DX31: 515084 | DY31: 5337 | DZ31: 100 | EB31: 0 | EC31: 0 | ED31: 515047 | EE31: 520312 | EF31: 513412 | EG31: 30

Sheet Combined R1-R3
A1: SUBJECT ID CHECK: | D1: =AND('Paste Run 1'!B2,'Paste Run 2'!B2,'Paste Run 3'!B2) -> #VALUE! | E1: ='Paste Run 1'!B2 -> XXXX | F1: ='Paste Run 2'!B2 -> XXXX | G1: ='Paste Run 3'!B2 -> XXXX
E2: R1 | F2: R2 | G2: R3
B4: 0 | F4: PRICES
B5: 0.01 | D5: ISI | E5: Item# | F5: Run 1 | G5: Response | I5: Item# | J5: Run 2 | K5: Response | M5: Item# | N5: Run 3 Alcohol | O5: Response | V5: AVERAGE CONSUMPTION
B6: 0.02 | D6: 7000 | E6: 1 | F6: 0.01 | G6: ='Paste Run 1'!AO2 -> 7 | I6: 1 | J6: 0.03 | K6: ='Paste Run 2'!AO2 -> 8 | M6: 1 | N6: 0 | O6: ='Paste Run 3'!AO2 -> 9 | V6: Price | W6: 0 | X6: 0.01 | Y6: 0.02 | Z6: 0.03 | AA6: 0.04 | AB6: 0.05 | AC6: 5 | AD6: 7 | AE6: 9 | AF6: 11 | AG6: 13 | AH6: 15 | AI6: 30 | AJ6: 40 | AK6: 50 | AL6: 60 | AM6: 70 | AN6: 80
B7: 0.03 | D7: 13000 | E7: 2 | F7: 5 | G7: ='Paste Run 1'!AO3 -> 5 | I7: 2 | J7: 5 | K7: ='Paste Run 2'!AO3 -> 7 | M7: 2 | N7: 7 | O7: ='Paste Run 3'!AO3 -> 5 | V7: Overall | W7: =AVERAGE(W11,X11,W17,W23,X23,Y23) -> 8.8333333 | X7: =AVERAGE(Y11,Z11,Y17,X17,Z23,AA23,AB23) -> 7.8571429 | Y7: =AVERAGE(AA11,AB11,Z17,AC23,AD23,AE23) -> 8 | Z7: =AVERAGE(AC11,AA17,AB17,AF23,AG23,AH23) -> 8 | AA7: =AVERAGE(AD11,AC17,AD17,AI23,AJ23) -> 8 | AB7: =AVERAGE(AE11,AF11,AE17,AF17,AK23,AL23) -> 8 | AC7: =AVERAGE(AG11,AG17,AH17,AM23) -> 6.5 | AD7: =AVERAGE(AH11,AI11,AI17,AN23) -> 5 | AE7: =AVERAGE(AJ11,AK11,AJ17,AK17,AO23) -> 4.2 | AF7: =AVERAGE(AL11,AL17,AM17,AP23,AQ23) -> 3.8 | AG7: =AVERAGE(AM11,AN11,AN17,AO17,AR23) -> 3.4 | AH7: =AVERAGE(AO11,AP11,AP17,AS23,AT23) -> 2.8 | AI7: =AVERAGE(AQ11,AR11,AQ17,AR17,AU23) -> 0 | AJ7: =AVERAGE(AS11,AT11,AS17) -> 0 | AK7: =AVERAGE(AU11,AU17,AT17,AV23) -> 0 | AL7: =AVERAGE(AV11,AW11,AV17,AW23,AX23) -> 0 | AM7: =AVERAGE(AX11,AY11,AW17,AY23,AZ23) -> 0 | AN7: =AVERAGE(AZ11,AY17,AX17,AZ17) -> 0
B8: 0.04 | D8: 9000 | E8: 3 | F8: 50 | G8: ='Paste Run 1'!AO4 -> 0 | I8: 3 | J8: 80 | K8: ='Paste Run 2'!AO4 -> 0 | M8: 3 | N8: 60 | O8: ='Paste Run 3'!AO4 -> 0
B9: 0.05 | D9: 3000 | E9: 4 | F9: 0 | G9: ='Paste Run 1'!AO5 -> 8 | I9: 4 | J9: 0.01 | K9: ='Paste Run 2'!AO5 -> 8 | M9: 4 | N9: 0.02 | O9: ='Paste Run 3'!AO5 -> 8
B10: 5 | D10: 5000 | E10: 5 | F10: 15 | G10: ='Paste Run 1'!AO6 -> 2 | I10: 5 | J10: 7 | K10: ='Paste Run 2'!AO6 -> 5 | M10: 5 | N10: 15 | O10: ='Paste Run 3'!AO6 -> 3 | V10: Run1 | W10: 0 | X10: 0 | Y10: 0.01 | Z10: 0.01 | AA10: 0.02 | AB10: 0.02 | AC10: 0.03 | AD10: 0.04 | AE10: 0.05 | AF10: 0.05 | AG10: 5 | AH10: 7 | AI10: 7 | AJ10: 9 | AK10: 9 | AL10: 11 | AM10: 13 | AN10: 13 | AO10: 15 | AP10: 15 | AQ10: 30 | AR10: 30 | AS10: 40 | AT10: 40 | AU10: 50 | AV10: 60 | AW10: 60 | AX10: 70 | AY10: 70 | AZ10: 80
B11: 7 | D11: 1000 | E11: 6 | F11: 0.05 | G11: ='Paste Run 1'!AO7 -> 8 | I11: 6 | J11: 0.04 | K11: ='Paste Run 2'!AO7 -> 8 | M11: 6 | N11: 0.03 | O11: ='Paste Run 3'!AO7 -> 8 | V11: Response | W11: =$G41 -> 8 | X11: =$G42 -> 9 | Y11: =$G43 -> 7 | Z11: =$G44 -> 8 | AA11: =$G45 -> 8 | AB11: =$G46 -> 8 | AC11: =$G47 -> 8 | AD11: =G48 -> 8 | AE11: =G49 -> 8 | AF11: =G50 -> 8 | AG11: =G51 -> 5 | AH11: =G52 -> 5 | AI11: =G53 -> 5 | AJ11: =G54 -> 4 | AK11: =G55 -> 4 | AL11: =G56 -> 3 | AM11: =G57 -> 3 | AN11: =G58 -> 3 | AO11: =G59 -> 2 | AP11: =G60 -> 3 | AQ11: =G61 -> 0 | AR11: =G62 -> 0 | AS11: =G63 -> 0 | AT11: =G64 -> 0 | AU11: =G65 -> 0 | AV11: =G66 -> 0 | AW11: =G67 -> 0 | AX11: =G68 -> 0 | AY11: =G69 -> 0 | AZ11: =G70 -> 0 | BD11: # Reversals | BE11: COUNT | BF11: Consistency
B12: 9 | D12: 9000 | E12: 7 | F12: 40 | G12: ='Paste Run 1'!AO8 -> 0 | I12: 7 | J12: 50 | K12: ='Paste Run 2'!AO8 -> 0 | M12: 7 | N12: 0 | O12: ='Paste Run 3'!AO8 -> 9 | V12: Reversal? | W12: -- | X12: =IF(X11<>"?",IF(X11>W11,"yes","no"),"") -> yes | Y12: =IF(Y11<>"?",IF(Y11>X11,"yes","no"),"") -> no | Z12: =IF(Z11<>"?",IF(Z11>Y11,"yes","no"),"") -> yes | AA12: =IF(AA11<>"?",IF(AA11>Z11,"yes","no"),"") -> no | AB12: =IF(AB11<>"?",IF(AB11>AA11,"yes","no"),"") -> no | AC12: =IF(AC11<>"?",IF(AC11>AB11,"yes","no"),"") -> no | AD12: =IF(AD11<>"?",IF(AD11>AC11,"yes","no"),"") -> no | AE12: =IF(AE11<>"?",IF(AE11>AD11,"yes","no"),"") -> no | ... AZ12: =IF(AZ11<>"?",IF(AZ11>AY11,"yes","no"),"") -> no | BD12: =COUNTIF(W12:AZ12,"yes") -> 3 | BE12: =COUNTA(W12:AZ12) -> 30 | BF12: =1-(BD12/BE12) -> 0.9
B13: 11 | D13: 9000 | E13: 8 | F13: 13 | G13: ='Paste Run 1'!AO9 -> 3 | I13: 8 | J13: 15 | K13: ='Paste Run 2'!AO9 -> 3 | M13: 8 | N13: 11 | O13: ='Paste Run 3'!AO9 -> 4 | V13: Potential Breakpoint? | W13: =IF(W11=0,W10,"NotBP") -> NotBP | X13: =IF(X11=0,X10,"NotBP") -> NotBP | Y13: =IF(Y11=0,Y10,"NotBP") -> NotBP | Z13: =IF(Z11=0,Z10,"NotBP") -> NotBP | AA13: =IF(AA11=0,AA10,"NotBP") -> NotBP | AB13: =IF(AB11=0,AB10,"NotBP") -> NotBP | AC13: =IF(AC11=0,AC10,"NotBP") -> NotBP | AD13: =IF(AD11=0,AD10,"NotBP") -> NotBP | ... AZ13: =IF(AZ11=0,AZ10,"NotBP") -> 80
B14: 13 | D14: 11000 | E14: 9 | F14: 80 | G14: ='Paste Run 1'!AO10 -> 0 | I14: 9 | J14: 50 | K14: ='Paste Run 2'!AO10 -> 0 | M14: 9 | N14: 70 | O14: ='Paste Run 3'!AO10 -> 0 | V14: Breakpoint Price | W14: =MIN(W13:AZ13) -> 30
B15: 15 | D15: 3000 | E15: 10 | F15: 0.01 | G15: ='Paste Run 1'!AO11 -> 8 | I15: 10 | J15: 0.04 | K15: ='Paste Run 2'!AO11 -> 8 | M15: 10 | N15: 0.04 | O15: ='Paste Run 3'!AO11 -> 8
B16: 30 | D16: 5000 | E16: 11 | F16: 30 | G16: ='Paste Run 1'!AO12 -> 0 | I16: 11 | J16: 30 | K16: ='Paste Run 2'!AO12 -> 0 | M16: 11 | N16: 60 | O16: ='Paste Run 3'!AO12 -> 0 | V16: Run2 | W16: 0 | X16: 0.01 | Y16: 0.01 | Z16: 0.02 | AA16: 0.03 | AB16: 0.03 | AC16: 0.04 | AD16: 0.04 | AE16: 0.05 | AF16: 0.05 | AG16: 5 | AH16: 5 | AI16: 7 | AJ16: 9 | AK16: 9 | AL16: 11 | AM16: 11 | AN16: 13 | AO16: 13 | AP16: 15 | AQ16: 30 | AR16: 30 | AS16: 40 | AT16: 50 | AU16: 50 | AV16: 60 | AW16: 70 | AX16: 80 | AY16: 80 | AZ16: 80
B17: 40 | D17: 1000 | E17: 12 | F17: 0.02 | G17: ='Paste Run 1'!AO13 -> 8 | I17: 12 | J17: 0.01 | K17: ='Paste Run 2'!AO13 -> 8 | M17: 12 | N17: 0 | O17: ='Paste Run 3'!AO13 -> 9 | V17: Response | W17: =K41 -> 9 | X17: =K42 -> 8 | Y17: =K43 -> 8 | Z17: =K44 -> 8 | AA17: =K45 -> 8 | AB17: =K46 -> 8 | AC17: =K47 -> 8 | AD17: =K48 -> 8 | AE17: =K49 -> 8 | AF17: =K50 -> 8 | AG17: =K51 -> 7 | AH17: =K52 -> 7 | AI17: =K53 -> 5 | AJ17: =K54 -> 4 | AK17: =K55 -> 4 | AL17: =K56 -> 4 | AM17: =K57 -> 4 | AN17: =K58 -> 4 | AO17: =K59 -> 3 | AP17: =K60 -> 3 | AQ17: =K61 -> 0 | AR17: =K62 -> 0 | AS17: =K63 -> 0 | AT17: =K64 -> 0 | AU17: =K65 -> 0 | AV17: =K66 -> 0 | AW17: =K67 -> 0 | AX17: =K68 -> 0 | AY17: =K69 -> 0 | AZ17: =K69 -> 0 | BD17: # Reversals | BE17: COUNT | BF17: Consistency
B18: 50 | D18: 13000 | E18: 13 | F18: 9 | G18: ='Paste Run 1'!AO14 -> 4 | I18: 13 | J18: 13 | K18: ='Paste Run 2'!AO14 -> 4 | M18: 13 | N18: 5 | O18: ='Paste Run 3'!AO14 -> 7 | V18: Reversal? | W18: -- | X18: =IF(X17<>"?",IF(X17>W17,"yes","no"),"") -> no | Y18: =IF(Y17<>"?",IF(Y17>X17,"yes","no"),"") -> no | Z18: =IF(Z17<>"?",IF(Z17>Y17,"yes","no"),"") -> no | AA18: =IF(AA17<>"?",IF(AA17>Z17,"yes","no"),"") -> no | AB18: =IF(AB17<>"?",IF(AB17>AA17,"yes","no"),"") -> no | AC18: =IF(AC17<>"?",IF(AC17>AB17,"yes","no"),"") -> no | AD18: =IF(AD17<>"?",IF(AD17>AC17,"yes","no"),"") -> no | AE18: =IF(AE17<>"?",IF(AE17>AD17,"yes","no"),"") -> no | ... AZ18: =IF(AZ17<>"?",IF(AZ17>AY17,"yes","no"),"") -> no | BD18: =COUNTIF(W18:AZ18,"yes") -> 0 | BE18: =COUNTA(W18:AZ18) -> 30 | BF18: =1-(BD18/BE18) -> 1
B19: 60 | D19: 5000 | E19: 14 | F19: 0.05 | G19: ='Paste Run 1'!AO15 -> 8 | I19: 14 | J19: 0.02 | K19: ='Paste Run 2'!AO15 -> 8 | M19: 14 | N19: 0.05 | O19: ='Paste Run 3'!AO15 -> 8 | V19: Potential Breakpoint? | W19: =IF(W17=0,W16,"NotBP") -> NotBP | X19: =IF(X17=0,X16,"NotBP") -> NotBP | Y19: =IF(Y17=0,Y16,"NotBP") -> NotBP | Z19: =IF(Z17=0,Z16,"NotBP") -> NotBP | AA19: =IF(AA17=0,AA16,"NotBP") -> NotBP | AB19: =IF(AB17=0,AB16,"NotBP") -> NotBP | AC19: =IF(AC17=0,AC16,"NotBP") -> NotBP | AD19: =IF(AD17=0,AD16,"NotBP") -> NotBP | ... AZ19: =IF(AZ17=0,AZ16,"NotBP") -> 80
B20: 70 | D20: 7000 | E20: 15 | F20: 70 | G20: ='Paste Run 1'!AO16 -> 0 | I20: 15 | J20: 80 | K20: ='Paste Run 2'!AO16 -> 0 | M20: 15 | N20: 50 | O20: ='Paste Run 3'!AO16 -> 0 | V20: Breakpoint Price | W20: =MIN(W19:AZ19) -> 30
B21: 80 | D21: 3000 | E21: 16 | F21: 13 | G21: ='Paste Run 1'!AO17 -> 3 | I21: 16 | J21: 9 | K21: ='Paste Run 2'!AO17 -> 4 | M21: 16 | N21: 11 | O21: ='Paste Run 3'!AO17 -> 4
D22: 11000 | E22: 17 | F22: 0.04 | G22: ='Paste Run 1'!AO18 -> 8 | I22: 17 | J22: 0.05 | K22: ='Paste Run 2'!AO18 -> 8 | M22: 17 | N22: 0.03 | O22: ='Paste Run 3'!AO18 -> 8 | V22: Run3 | W22: 0 | X22: 0 | Y22: 0 | Z22: 0.01 | AA22: 0.01 | AB22: 0.01 | AC22: 0.02 | AD22: 0.02 | AE22: 0.02 | AF22: 0.03 | AG22: 0.03 | AH22: 0.03 | AI22: 0.04 | AJ22: 0.04 | AK22: 0.05 | AL22: 0.05 | AM22: 5 | AN22: 7 | AO22: 9 | AP22: 11 | AQ22: 11 | AR22: 13 | AS22: 15 | AT22: 15 | AU22: 30 | AV22: 50 | AW22: 60 | AX22: 60 | AY22: 70 | AZ22: 70
D23: 1000 | E23: 18 | F23: 9 | G23: ='Paste Run 1'!AO19 -> 4 | I23: 18 | J23: 13 | K23: ='Paste Run 2'!AO19 -> 3 | M23: 18 | N23: 0.01 | O23: ='Paste Run 3'!AO19 -> 8 | V23: Response | W23: =O41 -> 9 | X23: =O42 -> 9 | Y23: =O43 -> 9 | Z23: =O44 -> 8 | AA23: =O45 -> 8 | AB23: =O46 -> 8 | AC23: =O47 -> 8 | AD23: =O48 -> 8 | AE23: =O49 -> 8 | AF23: =O50 -> 8 | AG23: =O51 -> 8 | AH23: =O52 -> 8 | AI23: =O53 -> 8 | AJ23: =O54 -> 8 | AK23: =O55 -> 8 | AL23: =O56 -> 8 | AM23: =O57 -> 7 | AN23: =O58 -> 5 | AO23: =O59 -> 5 | AP23: =O60 -> 4 | AQ23: =O61 -> 4 | AR23: =O62 -> 4 | AS23: =O63 -> 3 | AT23: =O64 -> 3 | AU23: =O65 -> 0 | AV23: =O66 -> 0 | AW23: =O67 -> 0 | AX23: =O68 -> 0 | AY23: =O69 -> 0 | AZ23: =O70 -> 0 | BD23: # Reversals | BE23: COUNT | BF23: Consistency
D24: 5000 | E24: 19 | F24: 60 | G24: ='Paste Run 1'!AO20 -> 0 | I24: 19 | J24: 70 | K24: ='Paste Run 2'!AO20 -> 0 | M24: 19 | N24: 0.02 | O24: ='Paste Run 3'!AO20 -> 8 | V24: Reversal? | W24: -- | X24: =IF(X23<>"?",IF(X23>W23,"yes","no"),"") -> no | Y24: =IF(Y23<>"?",IF(Y23>X23,"yes","no"),"") -> no | Z24: =IF(Z23<>"?",IF(Z23>Y23,"yes","no"),"") -> no | AA24: =IF(AA23<>"?",IF(AA23>Z23,"yes","no"),"") -> no | AB24: =IF(AB23<>"?",IF(AB23>AA23,"yes","no"),"") -> no | AC24: =IF(AC23<>"?",IF(AC23>AB23,"yes","no"),"") -> no | AD24: =IF(AD23<>"?",IF(AD23>AC23,"yes","no"),"") -> no | AE24: =IF(AE23<>"?",IF(AE23>AD23,"yes","no"),"") -> no | ... AZ24: =IF(AZ23<>"?",IF(AZ23>AY23,"yes","no"),"") -> no | BD24: =COUNTIF(W24:AZ24,"yes") -> 0 | BE24: =COUNTA(W24:AZ24) -> 30 | BF24: =1-(BD24/BE24) -> 1
D25: 3000 | E25: 20 | F25: 7 | G25: ='Paste Run 1'!AO21 -> 5 | I25: 20 | J25: 11 | K25: ='Paste Run 2'!AO21 -> 4 | M25: 20 | N25: 15 | O25: ='Paste Run 3'!AO21 -> 3 | V25: Potential Breakpoint? | W25: =IF(W23=0,W22,"NotBP") -> NotBP | X25: =IF(X23=0,X22,"NotBP") -> NotBP | Y25: =IF(Y23=0,Y22,"NotBP") -> NotBP | Z25: =IF(Z23=0,Z22,"NotBP") -> NotBP | AA25: =IF(AA23=0,AA22,"NotBP") -> NotBP | AB25: =IF(AB23=0,AB22,"NotBP") -> NotBP | AC25: =IF(AC23=0,AC22,"NotBP") -> NotBP | AD25: =IF(AD23=0,AD22,"NotBP") -> NotBP | ... AZ25: =IF(AZ23=0,AZ22,"NotBP") -> 70
D26: 1000 | E26: 21 | F26: 40 | G26: ='Paste Run 1'!AO22 -> 0 | I26: 21 | J26: 30 | K26: ='Paste Run 2'!AO22 -> 0 | M26: 21 | N26: 0.03 | O26: ='Paste Run 3'!AO22 -> 8 | V26: Breakpoint Price | W26: =MIN(W25:AZ25) -> 30
D27: 11000 | E27: 22 | F27: 7 | G27: ='Paste Run 1'!AO23 -> 5 | I27: 22 | J27: 9 | K27: ='Paste Run 2'!AO23 -> 4 | M27: 22 | N27: 9 | O27: ='Paste Run 3'!AO23 -> 5
D28: 5000 | E28: 23 | F28: 0 | G28: ='Paste Run 1'!AO24 -> 9 | I28: 23 | J28: 0 | K28: ='Paste Run 2'!AO24 -> 9 | M28: 23 | N28: 0.04 | O28: ='Paste Run 3'!AO24 -> 8
D29: 1000 | E29: 24 | F29: 11 | G29: ='Paste Run 1'!AO25 -> 3 | I29: 24 | J29: 11 | K29: ='Paste Run 2'!AO25 -> 4 | M29: 24 | N29: 13 | O29: ='Paste Run 3'!AO25 -> 4 | V29: EXPENDITURE
D30: 3000 | E30: 25 | F30: 30 | G30: ='Paste Run 1'!AO26 -> 0 | I30: 25 | J30: 80 | K30: ='Paste Run 2'!AO26 -> 0 | M30: 25 | N30: 0.01 | O30: ='Paste Run 3'!AO26 -> 8 | V30: Run1 | W30: 0 | X30: 0 | Y30: 0.01 | Z30: 0.01 | AA30: 0.02 | AB30: 0.02 | AC30: 0.03 | AD30: 0.04 | AE30: 0.05 | AF30: 0.05 | AG30: 5 | AH30: 7 | AI30: 7 | AJ30: 9 | AK30: 9 | AL30: 11 | AM30: 13 | AN30: 13 | AO30: 15 | AP30: 15 | AQ30: 30 | AR30: 30 | AS30: 40 | AT30: 40 | AU30: 50 | AV30: 60 | AW30: 60 | AX30: 70 | AY30: 70 | AZ30: 80
D31: 7000 | E31: 26 | F31: 0.03 | G31: ='Paste Run 1'!AO27 -> 8 | I31: 26 | J31: 0.03 | K31: ='Paste Run 2'!AO27 -> 8 | M31: 26 | N31: 0.02 | O31: ='Paste Run 3'!AO27 -> 8 | V31: Expenditure | W31: =IF(W11<>"?",W30*W11,"?") -> 0 | X31: =IF(X11<>"?",X30*X11,"?") -> 0 | Y31: =IF(Y11<>"?",Y30*Y11,"?") -> 0.07 | Z31: =IF(Z11<>"?",Z30*Z11,"?") -> 0.08 | AA31: =IF(AA11<>"?",AA30*AA11,"?") -> 0.16 | AB31: =IF(AB11<>"?",AB30*AB11,"?") -> 0.16 | AC31: =IF(AC11<>"?",AC30*AC11,"?") -> 0.24 | AD31: =IF(AD11<>"?",AD30*AD11,"?") -> 0.32 | ... AZ31: =IF(AZ11<>"?",AZ30*AZ11,"?") -> 0
D32: 3000 | E32: 27 | F32: 60 | G32: ='Paste Run 1'!AO28 -> 0 | I32: 27 | J32: 40 | K32: ='Paste Run 2'!AO28 -> 0 | M32: 27 | N32: 70 | O32: ='Paste Run 3'!AO28 -> 0 | V32: Omax (Max Expenditure) | W32: =MAX(W31:AZ31) -> 45
D33: 13000 | E33: 28 | F33: 0.02 | G33: ='Paste Run 1'!AO29 -> 8 | I33: 28 | J33: 0.05 | K33: ='Paste Run 2'!AO29 -> 8 | M33: 28 | N33: 0.01 | O33: ='Paste Run 3'!AO29 -> 8
D34: 1000 | E34: 29 | F34: 70 | G34: ='Paste Run 1'!AO30 -> 0 | I34: 29 | J34: 60 | K34: ='Paste Run 2'!AO30 -> 0 | M34: 29 | N34: 30 | O34: ='Paste Run 3'!AO30 -> 0 | V34: Run2 | W34: 0 | X34: 0.01 | Y34: 0.01 | Z34: 0.02 | AA34: 0.03 | AB34: 0.03 | AC34: 0.04 | AD34: 0.04 | AE34: 0.05 | AF34: 0.05 | AG34: 5 | AH34: 5 | AI34: 7 | AJ34: 9 | AK34: 9 | AL34: 11 | AM34: 11 | AN34: 13 | AO34: 13 | AP34: 15 | AQ34: 30 | AR34: 30 | AS34: 40 | AT34: 50 | AU34: 50 | AV34: 60 | AW34: 70 | AX34: 80 | AY34: 80 | AZ34: 80
D35: 5000 | E35: 30 | F35: 15 | G35: ='Paste Run 1'!AO31 -> 3 | I35: 30 | J35: 5 | K35: ='Paste Run 2'!AO31 -> 7 | M35: 30 | N35: 0.05 | O35: ='Paste Run 3'!AO31 -> 8 | V35: Expenditure | W35: =IF(W17<>"?",W34*W17,"?") -> 0 | X35: =IF(X17<>"?",X34*X17,"?") -> 0.08 | Y35: =IF(Y17<>"?",Y34*Y17,"?") -> 0.08 | Z35: =IF(Z17<>"?",Z34*Z17,"?") -> 0.16 | AA35: =IF(AA17<>"?",AA34*AA17,"?") -> 0.24 | AB35: =IF(AB17<>"?",AB34*AB17,"?") -> 0.24 | AC35: =IF(AC17<>"?",AC34*AC17,"?") -> 0.32 | AD35: =IF(AD17<>"?",AD34*AD17,"?") -> 0.32 | ... AZ35: =IF(AZ17<>"?",AZ34*AZ17,"?") -> 0
D36: MISSING | G36: =COUNTIF(G6:G35,"?") -> 0 | K36: =COUNTIF(K6:K35,"?") -> 0 | O36: =COUNTIF(O6:O35,"?") -> 0 | V36: Omax (Max Expenditure) | W36: =MAX(W35:AZ35) -> 52
D37: TOTAL MISSING | G37: =G36+K36+O36 -> 0
V38: Run3 | W38: 0 | X38: 0 | Y38: 0 | Z38: 0.01 | AA38: 0.01 | AB38: 0.01 | AC38: 0.02 | AD38: 0.02 | AE38: 0.02 | AF38: 0.03 | AG38: 0.03 | AH38: 0.03 | AI38: 0.04 | AJ38: 0.04 | AK38: 0.05 | AL38: 0.05 | AM38: 5 | AN38: 7 | AO38: 9 | AP38: 11 | AQ38: 11 | AR38: 13 | AS38: 15 | AT38: 15 | AU38: 30 | AV38: 50 | AW38: 60 | AX38: 60 | AY38: 70 | AZ38: 70
V39: Expenditure | W39: =IF(W23<>"?",W38*W23,"?") -> 0 | X39: =IF(X23<>"?",X38*X23,"?") -> 0 | Y39: =IF(Y23<>"?",Y38*Y23,"?") -> 0 | Z39: =IF(Z23<>"?",Z38*Z23,"?") -> 0.08 | AA39: =IF(AA23<>"?",AA38*AA23,"?") -> 0.08 | AB39: =IF(AB23<>"?",AB38*AB23,"?") -> 0.08 | AC39: =IF(AC23<>"?",AC38*AC23,"?") -> 0.16 | AD39: =IF(AD23<>"?",AD38*AD23,"?") -> 0.16 | ... AZ39: =IF(AZ23<>"?",AZ38*AZ23,"?") -> 0
E40: Item# | F40: Run 1 | G40: Response | I40: Item# | J40: Run 2 | K40: Response | M40: Item# | N40: Run 3 | O40: Response | V40: Omax (Max Expenditure) | W40: =MAX(W39:AZ39) -> 52
E41: 4 | F41: 0 | G41: =G9 -> 8 | I41: 23 | J41: 0 | K41: =K28 -> 9 | M41: 1 | N41: 0 | O41: =O6 -> 9
E42: 23 | F42: 0 | G42: =G28 -> 9 | I42: 4 | J42: 0.01 | K42: =K9 -> 8 | M42: 7 | N42: 0 | O42: =O12 -> 9
E43: 1 | F43: 0.01 | G43: =G6 -> 7 | I43: 12 | J43: 0.01 | K43: =K17 -> 8 | M43: 12 | N43: 0 | O43: =O17 -> 9
E44: 10 | F44: 0.01 | G44: =G15 -> 8 | I44: 14 | J44: 0.02 | K44: =K19 -> 8 | M44: 18 | N44: 0.01 | O44: =O23 -> 8 | V44: DEMAND INDICES | W44: Intensity | X44: Breakpoint | Y44: Omax | AA44: Intensity | AB44: Breakpoint | AC44: Omax
E45: 12 | F45: 0.02 | G45: =G17 -> 8 | I45: 1 | J45: 0.03 | K45: =K6 -> 8 | M45: 25 | N45: 0.01 | O45: =O30 -> 8 | V45: Run1 | W45: =MAX(W11:X11) -> 9 | X45: =W14 -> 30 | Y45: =W32 -> 45 | Z45: Run1-3 | AA45: =AVERAGE(W45:W47) -> 9 | AB45: =AVERAGE(X45:X47) -> 30 | AC45: =AVERAGE(Y45:Y47) -> 49.666667
E46: 28 | F46: 0.02 | G46: =G33 -> 8 | I46: 26 | J46: 0.03 | K46: =K31 -> 8 | M46: 28 | N46: 0.01 | O46: =O33 -> 8 | V46: Run2 | W46: =MAX(W17) -> 9 | X46: =W20 -> 30 | Y46: =W36 -> 52
E47: 26 | F47: 0.03 | G47: =G31 -> 8 | I47: 6 | J47: 0.04 | K47: =K11 -> 8 | M47: 4 | N47: 0.02 | O47: =O9 -> 8 | V47: Run3 | W47: =MAX(W23:Y23) -> 9 | X47: =W26 -> 30 | Y47: =W40 -> 52
E48: 17 | F48: 0.04 | G48: =G22 -> 8 | I48: 10 | J48: 0.04 | K48: =K15 -> 8 | M48: 19 | N48: 0.02 | O48: =O24 -> 8
E49: 6 | F49: 0.05 | G49: =G11 -> 8 | I49: 17 | J49: 0.05 | K49: =K22 -> 8 | M49: 26 | N49: 0.02 | O49: =O31 -> 8 | V49: CONSISTENCY | W49: # Reversal | X49: Consistency
E50: 14 | F50: 0.05 | G50: =G19 -> 8 | I50: 28 | J50: 0.05 | K50: =K33 -> 8 | M50: 6 | N50: 0.03 | O50: =O11 -> 8 | V50: Run1 | W50: =BD12 -> 3 | X50: =BF12 -> 0.9
E51: 2 | F51: 5 | G51: =G7 -> 5 | I51: 2 | J51: 5 | K51: =K7 -> 7 | M51: 17 | N51: 0.03 | O51: =O22 -> 8 | V51: Run2 | W51: =BD18 -> 0 | X51: =BF18 -> 1
E52: 20 | F52: 7 | G52: =G25 -> 5 | I52: 30 | J52: 5 | K52: =K35 -> 7 | M52: 21 | N52: 0.03 | O52: =O26 -> 8 | V52: Run3 | W52: =BD24 -> 0 | X52: =BF24 -> 1
E53: 22 | F53: 7 | G53: =G27 -> 5 | I53: 5 | J53: 7 | K53: =K10 -> 5 | M53: 10 | N53: 0.04 | O53: =O15 -> 8 | V53: AVERAGE CONSISTENCY | X53: =AVERAGE(X50:X52) -> 0.96666667
E54: 13 | F54: 9 | G54: =G18 -> 4 | I54: 16 | J54: 9 | K54: =K21 -> 4 | M54: 23 | N54: 0.04 | O54: =O28 -> 8
E55: 18 | F55: 9 | G55: =G23 -> 4 | I55: 22 | J55: 9 | K55: =K27 -> 4 | M55: 14 | N55: 0.05 | O55: =O19 -> 8
E56: 24 | F56: 11 | G56: =G29 -> 3 | I56: 20 | J56: 11 | K56: =K25 -> 4 | M56: 30 | N56: 0.05 | O56: =O35 -> 8
E57: 8 | F57: 13 | G57: =G13 -> 3 | I57: 24 | J57: 11 | K57: =K29 -> 4 | M57: 13 | N57: 5 | O57: =O18 -> 7
E58: 16 | F58: 13 | G58: =G21 -> 3 | I58: 13 | J58: 13 | K58: =K18 -> 4 | M58: 2 | N58: 7 | O58: =O7 -> 5
E59: 5 | F59: 15 | G59: =G10 -> 2 | I59: 18 | J59: 13 | K59: =K23 -> 3 | M59: 22 | N59: 9 | O59: =O27 -> 5
E60: 30 | F60: 15 | G60: =G35 -> 3 | I60: 8 | J60: 15 | K60: =K13 -> 3 | M60: 8 | N60: 11 | O60: =O13 -> 4
E61: 11 | F61: 30 | G61: =G16 -> 0 | I61: 11 | J61: 30 | K61: =K16 -> 0 | M61: 16 | N61: 11 | O61: =O21 -> 4
E62: 25 | F62: 30 | G62: =G30 -> 0 | I62: 21 | J62: 30 | K62: =K26 -> 0 | M62: 24 | N62: 13 | O62: =O29 -> 4
E63: 7 | F63: 40 | G63: =G12 -> 0 | I63: 27 | J63: 40 | K63: =K32 -> 0 | M63: 5 | N63: 15 | O63: =O10 -> 3
E64: 21 | F64: 40 | G64: =G26 -> 0 | I64: 7 | J64: 50 | K64: =K12 -> 0 | M64: 20 | N64: 15 | O64: =O25 -> 3
E65: 3 | F65: 50 | G65: =G8 -> 0 | I65: 9 | J65: 50 | K65: =K14 -> 0 | M65: 29 | N65: 30 | O65: =O34 -> 0
E66: 19 | F66: 60 | G66: =G24 -> 0 | I66: 29 | J66: 60 | K66: =K34 -> 0 | M66: 15 | N66: 50 | O66: =O20 -> 0
E67: 27 | F67: 60 | G67: =G32 -> 0 | I67: 19 | J67: 70 | K67: =K24 -> 0 | M67: 3 | N67: 60 | O67: =O8 -> 0
E68: 15 | F68: 70 | G68: =G20 -> 0 | I68: 3 | J68: 80 | K68: =K8 -> 0 | M68: 11 | N68: 60 | O68: =O16 -> 0
E69: 29 | F69: 70 | G69: =G34 -> 0 | I69: 15 | J69: 80 | K69: =K20 -> 0 | M69: 9 | N69: 70 | O69: =O14 -> 0
E70: 9 | F70: 80 | G70: =G14 -> 0 | I70: 25 | J70: 80 | K70: =K30 -> 0 | M70: 27 | N70: 70 | O70: =O32 -> 0

Sheet FMRI Paradigm Specs
A1: Run 1
A2: Trial | B2: Price | C2: Decide Total Duration | D2: Input Total Duration | E2: ISI | F2: Running Total
A3: INSTRUCTIONS | C3: 6000 | D3: x | E3: x | F3: =SUM(C3:E3) -> 6000
A4: 1 | B4: 0.01 | C4: 4000 | D4: 7000 | E4: 6000 | F4: =F3+C4+D4+E4 -> 23000
A5: 2 | B5: 5 | C5: 4000 | D5: 7000 | E5: ='Paste Run 1'!CA3 -> 12000 | F5: =F4+C5+D5+E5 -> 46000
A6: 3 | B6: 50 | C6: 4000 | D6: 7000 | E6: ='Paste Run 1'!CA4 -> 8000 | F6: =F5+C6+D6+E6 -> 65000
A7: 4 | B7: 0 | C7: 4000 | D7: 7000 | E7: ='Paste Run 1'!CA5 -> 4000 | F7: =F6+C7+D7+E7 -> 80000
A8: 5 | B8: 15 | C8: 4000 | D8: 7000 | E8: ='Paste Run 1'!CA6 -> 4000 | F8: =F7+C8+D8+E8 -> 95000
A9: 6 | B9: 0.05 | C9: 4000 | D9: 7000 | E9: ='Paste Run 1'!CA7 -> 2000 | F9: =F8+C9+D9+E9 -> 108000
A10: 7 | B10: 40 | C10: 4000 | D10: 7000 | E10: ='Paste Run 1'!CA8 -> 8000 | F10: =F9+C10+D10+E10 -> 127000
A11: 8 | B11: 13 | C11: 4000 | D11: 7000 | E11: ='Paste Run 1'!CA9 -> 8000 | F11: =F10+C11+D11+E11 -> 146000
A12: 9 | B12: 80 | C12: 4000 | D12: 7000 | E12: ='Paste Run 1'!CA10 -> 10000 | F12: =F11+C12+D12+E12 -> 167000
A13: 10 | B13: 0.01 | C13: 4000 | D13: 7000 | E13: ='Paste Run 1'!CA11 -> 4000 | F13: =F12+C13+D13+E13 -> 182000
A14: 11 | B14: 30 | C14: 4000 | D14: 7000 | E14: ='Paste Run 1'!CA12 -> 4000 | F14: =F13+C14+D14+E14 -> 197000
A15: 12 | B15: 0.02 | C15: 4000 | D15: 7000 | E15: ='Paste Run 1'!CA13 -> 2000 | F15: =F14+C15+D15+E15 -> 210000
A16: 13 | B16: 9 | C16: 4000 | D16: 7000 | E16: ='Paste Run 1'!CA14 -> 12000 | F16: =F15+C16+D16+E16 -> 233000
... A33: 30 | B33: 15 | C33: 4000 | D33: 7000 | E33: ='Paste Run 1'!CA31 -> 4000 | F33: =F32+C33+D33+E33 -> 504000
A36: Run 2
A37: Trial | B37: Price | C37: Decide Total Duration | D37: Input Total Duration | E37: ISI
A38: INSTRUCTIONS | C38: 6000 | D38: x | E38: x | F38: =SUM(C38:E38) -> 6000
A39: 1 | B39: 0.03 | C39: 4000 | D39: 7000 | E39: ='Paste Run 2'!CA2 -> 6000 | F39: =F38+C39+D39+E39 -> 23000
A40: 2 | B40: 5 | C40: 4000 | D40: 7000 | E40: ='Paste Run 2'!CA3 -> 12000 | F40: =F39+C40+D40+E40 -> 46000
A41: 3 | B41: 80 | C41: 4000 | D41: 7000 | E41: ='Paste Run 2'!CA4 -> 8000 | F41: =F40+C41+D41+E41 -> 65000
A42: 4 | B42: 0.01 | C42: 4000 | D42: 7000 | E42: ='Paste Run 2'!CA5 -> 4000 | F42: =F41+C42+D42+E42 -> 80000
A43: 5 | B43: 7 | C43: 4000 | D43: 7000 | E43: ='Paste Run 2'!CA6 -> 4000 | F43: =F42+C43+D43+E43 -> 95000
A44: 6 | B44: 0.04 | C44: 4000 | D44: 7000 | E44: ='Paste Run 2'!CA7 -> 2000 | F44: =F43+C44+D44+E44 -> 108000
A45: 7 | B45: 50 | C45: 4000 | D45: 7000 | E45: ='Paste Run 2'!CA8 -> 8000 | F45: =F44+C45+D45+E45 -> 127000
A46: 8 | B46: 15 | C46: 4000 | D46: 7000 | E46: ='Paste Run 2'!CA9 -> 8000 | F46: =F45+C46+D46+E46 -> 146000
A47: 9 | B47: 50 | C47: 4000 | D47: 7000 | E47: ='Paste Run 2'!CA10 -> 10000 | F47: =F46+C47+D47+E47 -> 167000
A48: 10 | B48: 0.04 | C48: 4000 | D48: 7000 | E48: ='Paste Run 2'!CA11 -> 4000 | F48: =F47+C48+D48+E48 -> 182000
A49: 11 | B49: 30 | C49: 4000 | D49: 7000 | E49: ='Paste Run 2'!CA12 -> 4000 | F49: =F48+C49+D49+E49 -> 197000
A50: 12 | B50: 0.01 | C50: 4000 | D50: 7000 | E50: ='Paste Run 2'!CA13 -> 2000 | F50: =F49+C50+D50+E50 -> 210000
... A68: 30 | B68: 5 | C68: 4000 | D68: 7000 | E68: ='Paste Run 2'!CA31 -> 4000 | F68: =F67+C68+D68+E68 -> 504000
A70: Run 3
A71: Trial | B71: Price | C71: Decide Total Duration | D71: Input Total Duration | E71: ISI
A72: INSTRUCTIONS | C72: 6000 | D72: x | E72: x | F72: =SUM(C72:E72) -> 6000
A73: 1 | B73: 0 | C73: 4000 | D73: 7000 | E73: ='Paste Run 3'!CA2 -> 6000 | F73: =F72+C73+D73+E73 -> 23000
A74: 2 | B74: 7 | C74: 4000 | D74: 7000 | E74: ='Paste Run 3'!CA3 -> 12000 | F74: =F73+C74+D74+E74 -> 46000
A75: 3 | B75: 60 | C75: 4000 | D75: 7000 | E75: ='Paste Run 3'!CA4 -> 8000 | F75: =F74+C75+D75+E75 -> 65000
A76: 4 | B76: 0.02 | C76: 4000 | D76: 7000 | E76: ='Paste Run 3'!CA5 -> 4000 | F76: =F75+C76+D76+E76 -> 80000
A77: 5 | B77: 15 | C77: 4000 | D77: 7000 | E77: ='Paste Run 3'!CA6 -> 4000 | F77: =F76+C77+D77+E77 -> 95000
A78: 6 | B78: 0.03 | C78: 4000 | D78: 7000 | E78: ='Paste Run 3'!CA7 -> 2000 | F78: =F77+C78+D78+E78 -> 108000
A79: 7 | B79: 0 | C79: 4000 | D79: 7000 | E79: ='Paste Run 3'!CA8 -> 8000 | F79: =F78+C79+D79+E79 -> 127000
A80: 8 | B80: 11 | C80: 4000 | D80: 7000 | E80: ='Paste Run 3'!CA9 -> 8000 | F80: =F79+C80+D80+E80 -> 146000
A81: 9 | B81: 70 | C81: 4000 | D81: 7000 | E81: ='Paste Run 3'!CA10 -> 10000 | F81: =F80+C81+D81+E81 -> 167000
A82: 10 | B82: 0.04 | C82: 4000 | D82: 7000 | E82: ='Paste Run 3'!CA11 -> 4000 | F82: =F81+C82+D82+E82 -> 182000
A83: 11 | B83: 60 | C83: 4000 | D83: 7000 | E83: ='Paste Run 3'!CA12 -> 4000 | F83: =F82+C83+D83+E83 -> 197000
A84: 12 | B84: 0 | C84: 4000 | D84: 7000 | E84: ='Paste Run 3'!CA13 -> 2000 | F84: =F83+C84+D84+E84 -> 210000
... A102: 30 | B102: 0.05 | C102: 4000 | D102: 7000 | E102: ='Paste Run 3'!CA31 -> 4000 | F102: =F101+C102+D102+E102 -> 504000

Sheet ResponseTimes
A1: Run1 | J1: Run2 | S1: Run3
A2: aptTrial | B2: price | C2: StartOffset | D2: InputOffset | E2: RT | F2: Slop | G2: <5000 | H2: >7000 | I2: Slop | J2: aptTrial | K2: price | L2: StartOffset | M2: InputOffset | N2: RT | O2: Slop | P2: <5000 | Q2: >7000 | S2: aptTrial | T2: price | U2: StartOffset | V2: InputOffset | W2: RT | X2: Slop | Y2: <5000 | Z2: >7000
A3: ='Combined R1-R3'!E6 -> 1 | B3: 0.01 | C3: ='Paste Run 1'!DK2 -> 28114 | D3: ='Paste Run 1'!BP2 -> 32874 | E3: =IF('Combined R1-R3'!G6<>"?",D3-C3,"xxx") -> 4760 | F3: =7000-E3 -> 2240 | G3: =IF(E3<5000,"Yes","No") -> Yes | H3: =IF(E3<>"xxx",IF(E3>7000,"OVER","xx"),"xx") -> xx | J3: ='Combined R1-R3'!I6 -> 1 | K3: 0.03 | L3: ='Paste Run 2'!DK2 -> 28485 | M3: ='Paste Run 2'!BP2 -> 31303 | N3: =IF('Combined R1-R3'!K6<>"?",M3-L3,"xxx") -> 2818 | O3: =7000-N3 -> 4182 | P3: =IF(N3<5000,"Yes","No") -> Yes | Q3: =IF(N3<>"xxx",IF(N3>7000,"OVER","xx"),"xx") -> xx | S3: ='Combined R1-R3'!M6 -> 1 | T3: 0 | U3: ='Paste Run 3'!DK2 -> 30419 | V3: ='Paste Run 3'!BP2 -> 33089 | W3: =IF('Combined R1-R3'!O6<>"?",V3-U3,"xxx") -> 2670 | X3: =7000-W3 -> 4330 | Y3: =IF(W3<5000,"Yes","No") -> Yes | Z3: =IF(W3<>"xxx",IF(W3>7000,"OVER","xx"),"xx") -> xx
A4: ='Combined R1-R3'!E7 -> 2 | B4: 5 | C4: ='Paste Run 1'!DK3 -> 45111 | D4: ='Paste Run 1'!BP3 -> 48793 | E4: =IF('Combined R1-R3'!G7<>"?",D4-C4,"xxx") -> 3682 | F4: =7000-E4 -> 3318 | G4: =IF(E4<5000,"Yes","No") -> Yes | H4: =IF(E4<>"xxx",IF(E4>7000,"OVER","xx"),"xx") -> xx | J4: ='Combined R1-R3'!I7 -> 2 | K4: 5 | L4: ='Paste Run 2'!DK3 -> 45481 | M4: ='Paste Run 2'!BP3 -> 47781 | N4: =IF('Combined R1-R3'!K7<>"?",M4-L4,"xxx") -> 2300 | O4: =7000-N4 -> 4700 | P4: =IF(N4<5000,"Yes","No") -> Yes | Q4: =IF(N4<>"xxx",IF(N4>7000,"OVER","xx"),"xx") -> xx | S4: ='Combined R1-R3'!M7 -> 2 | T4: 7 | U4: ='Paste Run 3'!DK3 -> 47415 | V4: ='Paste Run 3'!BP3 -> 48520 | W4: =IF('Combined R1-R3'!O7<>"?",V4-U4,"xxx") -> 1105 | X4: =7000-W4 -> 5895 | Y4: =IF(W4<5000,"Yes","No") -> Yes | Z4: =IF(W4<>"xxx",IF(W4>7000,"OVER","xx"),"xx") -> xx
A5: ='Combined R1-R3'!E8 -> 3 | B5: 50 | C5: ='Paste Run 1'!DK4 -> 68111 | D5: ='Paste Run 1'!BP4 -> 71927 | E5: =IF('Combined R1-R3'!G8<>"?",D5-C5,"xxx") -> 3816 | F5: =7000-E5 -> 3184 | G5: =IF(E5<5000,"Yes","No") -> Yes | H5: =IF(E5<>"xxx",IF(E5>7000,"OVER","xx"),"xx") -> xx | J5: ='Combined R1-R3'!I8 -> 3 | K5: 80 | L5: ='Paste Run 2'!DK4 -> 68481 | M5: ='Paste Run 2'!BP4 -> 70996 | N5: =IF('Combined R1-R3'!K8<>"?",M5-L5,"xxx") -> 2515 | O5: =7000-N5 -> 4485 | P5: =IF(N5<5000,"Yes","No") -> Yes | Q5: =IF(N5<>"xxx",IF(N5>7000,"OVER","xx"),"xx") -> xx | S5: ='Combined R1-R3'!M8 -> 3 | T5: 60 | U5: ='Paste Run 3'!DK4 -> 70416 | V5: ='Paste Run 3'!BP4 -> 72638 | W5: =IF('Combined R1-R3'!O8<>"?",V5-U5,"xxx") -> 2222 | X5: =7000-W5 -> 4778 | Y5: =IF(W5<5000,"Yes","No") -> Yes | Z5: =IF(W5<>"xxx",IF(W5>7000,"OVER","xx"),"xx") -> xx
A6: ='Combined R1-R3'!E9 -> 4 | B6: 0 | C6: ='Paste Run 1'!DK5 -> 87109 | D6: ='Paste Run 1'!BP5 -> 89637 | E6: =IF('Combined R1-R3'!G9<>"?",D6-C6,"xxx") -> 2528 | F6: =7000-E6 -> 4472 | G6: =IF(E6<5000,"Yes","No") -> Yes | H6: =IF(E6<>"xxx",IF(E6>7000,"OVER","xx"),"xx") -> xx | J6: ='Combined R1-R3'!I9 -> 4 | K6: 0.01 | L6: ='Paste Run 2'!DK5 -> 87479 | M6: ='Paste Run 2'!BP5 -> 90010 | N6: =IF('Combined R1-R3'!K9<>"?",M6-L6,"xxx") -> 2531 | O6: =7000-N6 -> 4469 | P6: =IF(N6<5000,"Yes","No") -> Yes | Q6: =IF(N6<>"xxx",IF(N6>7000,"OVER","xx"),"xx") -> xx | S6: ='Combined R1-R3'!M9 -> 4 | T6: 0.02 | U6: ='Paste Run 3'!DK5 -> 89413 | V6: ='Paste Run 3'!BP5 -> 91325 | W6: =IF('Combined R1-R3'!O9<>"?",V6-U6,"xxx") -> 1912 | X6: =7000-W6 -> 5088 | Y6: =IF(W6<5000,"Yes","No") -> Yes | Z6: =IF(W6<>"xxx",IF(W6>7000,"OVER","xx"),"xx") -> xx
A7: ='Combined R1-R3'!E10 -> 5 | B7: 15 | C7: ='Paste Run 1'!DK6 -> 102103 | D7: ='Paste Run 1'!BP6 -> 106980 | E7: =IF('Combined R1-R3'!G10<>"?",D7-C7,"xxx") -> 4877 | F7: =7000-E7 -> 2123 | G7: =IF(E7<5000,"Yes","No") -> Yes | H7: =IF(E7<>"xxx",IF(E7>7000,"OVER","xx"),"xx") -> xx | J7: ='Combined R1-R3'!I10 -> 5 | K7: 7 | L7: ='Paste Run 2'!DK6 -> 102474 | M7: ='Paste Run 2'!BP6 -> 104089 | N7: =IF('Combined R1-R3'!K10<>"?",M7-L7,"xxx") -> 1615 | O7: =7000-N7 -> 5385 | P7: =IF(N7<5000,"Yes","No") -> Yes | Q7: =IF(N7<>"xxx",IF(N7>7000,"OVER","xx"),"xx") -> xx | S7: ='Combined R1-R3'!M10 -> 5 | T7: 15 | U7: ='Paste Run 3'!DK6 -> 104424 | V7: ='Paste Run 3'!BP6 -> 106883 | W7: =IF('Combined R1-R3'!O10<>"?",V7-U7,"xxx") -> 2459 | X7: =7000-W7 -> 4541 | Y7: =IF(W7<5000,"Yes","No") -> Yes | Z7: =IF(W7<>"xxx",IF(W7>7000,"OVER","xx"),"xx") -> xx
A8: ='Combined R1-R3'!E11 -> 6 | B8: 0.05 | C8: ='Paste Run 1'!DK7 -> 117115 | D8: ='Paste Run 1'!BP7 -> 120771 | E8: =IF('Combined R1-R3'!G11<>"?",D8-C8,"xxx") -> 3656 | F8: =7000-E8 -> 3344 | G8: =IF(E8<5000,"Yes","No") -> Yes | H8: =IF(E8<>"xxx",IF(E8>7000,"OVER","xx"),"xx") -> xx | J8: ='Combined R1-R3'!I11 -> 6 | K8: 0.04 | L8: ='Paste Run 2'!DK7 -> 117485 | M8: ='Paste Run 2'!BP7 -> 119304 | N8: =IF('Combined R1-R3'!K11<>"?",M8-L8,"xxx") -> 1819 | O8: =7000-N8 -> 5181 | P8: =IF(N8<5000,"Yes","No") -> Yes | Q8: =IF(N8<>"xxx",IF(N8>7000,"OVER","xx"),"xx") -> xx | S8: ='Combined R1-R3'!M11 -> 6 | T8: 0.03 | U8: ='Paste Run 3'!DK7 -> 119419 | V8: ='Paste Run 3'!BP7 -> 121146 | W8: =IF('Combined R1-R3'!O11<>"?",V8-U8,"xxx") -> 1727 | X8: =7000-W8 -> 5273 | Y8: =IF(W8<5000,"Yes","No") -> Yes | Z8: =IF(W8<>"xxx",IF(W8>7000,"OVER","xx"),"xx") -> xx
A9: ='Combined R1-R3'!E12 -> 7 | B9: 40 | C9: ='Paste Run 1'!DK8 -> 130108 | D9: ='Paste Run 1'!BP8 -> 133722 | E9: =IF('Combined R1-R3'!G12<>"?",D9-C9,"xxx") -> 3614 | F9: =7000-E9 -> 3386 | G9: =IF(E9<5000,"Yes","No") -> Yes | H9: =IF(E9<>"xxx",IF(E9>7000,"OVER","xx"),"xx") -> xx | J9: ='Combined R1-R3'!I12 -> 7 | K9: 50 | L9: ='Paste Run 2'!DK8 -> 130478 | M9: ='Paste Run 2'!BP8 -> 134367 | N9: =IF('Combined R1-R3'!K12<>"?",M9-L9,"xxx") -> 3889 | O9: =7000-N9 -> 3111 | P9: =IF(N9<5000,"Yes","No") -> Yes | Q9: =IF(N9<>"xxx",IF(N9>7000,"OVER","xx"),"xx") -> xx | S9: ='Combined R1-R3'!M12 -> 7 | T9: 0 | U9: ='Paste Run 3'!DK8 -> 132412 | V9: ='Paste Run 3'!BP8 -> 135193 | W9: =IF('Combined R1-R3'!O12<>"?",V9-U9,"xxx") -> 2781 | X9: =7000-W9 -> 4219 | Y9: =IF(W9<5000,"Yes","No") -> Yes | Z9: =IF(W9<>"xxx",IF(W9>7000,"OVER","xx"),"xx") -> xx
A10: ='Combined R1-R3'!E13 -> 8 | B10: 13 | C10: ='Paste Run 1'!DK9 -> 149106 | D10: ='Paste Run 1'!BP9 -> 152033 | E10: =IF('Combined R1-R3'!G13<>"?",D10-C10,"xxx") -> 2927 | F10: =7000-E10 -> 4073 | G10: =IF(E10<5000,"Yes","No") -> Yes | H10: =IF(E10<>"xxx",IF(E10>7000,"OVER","xx"),"xx") -> xx | J10: ='Combined R1-R3'!I13 -> 8 | K10: 15 | L10: ='Paste Run 2'!DK9 -> 149476 | M10: ='Paste Run 2'!BP9 -> 151517 | N10: =IF('Combined R1-R3'!K13<>"?",M10-L10,"xxx") -> 2041 | O10: =7000-N10 -> 4959 | P10: =IF(N10<5000,"Yes","No") -> Yes | Q10: =IF(N10<>"xxx",IF(N10>7000,"OVER","xx"),"xx") -> xx | S10: ='Combined R1-R3'!M13 -> 8 | T10: 11 | U10: ='Paste Run 3'!DK9 -> 151426 | V10: ='Paste Run 3'!BP9 -> 154264 | W10: =IF('Combined R1-R3'!O13<>"?",V10-U10,"xxx") -> 2838 | X10: =7000-W10 -> 4162 | Y10: =IF(W10<5000,"Yes","No") -> Yes | Z10: =IF(W10<>"xxx",IF(W10>7000,"OVER","xx"),"xx") -> xx
A11: ='Combined R1-R3'!E14 -> 9 | B11: 80 | C11: ='Paste Run 1'!DK10 -> 168103 | D11: ='Paste Run 1'!BP10 -> 171415 | E11: =IF('Combined R1-R3'!G14<>"?",D11-C11,"xxx") -> 3312 | F11: =7000-E11 -> 3688 | G11: =IF(E11<5000,"Yes","No") -> Yes | H11: =IF(E11<>"xxx",IF(E11>7000,"OVER","xx"),"xx") -> xx | J11: ='Combined R1-R3'!I14 -> 9 | K11: 50 | L11: ='Paste Run 2'!DK10 -> 168473 | M11: ='Paste Run 2'!BP10 -> 170756 | N11: =IF('Combined R1-R3'!K14<>"?",M11-L11,"xxx") -> 2283 | O11: =7000-N11 -> 4717 | P11: =IF(N11<5000,"Yes","No") -> Yes | Q11: =IF(N11<>"xxx",IF(N11>7000,"OVER","xx"),"xx") -> xx | S11: ='Combined R1-R3'!M14 -> 9 | T11: 70 | U11: ='Paste Run 3'!DK10 -> 170424 | V11: ='Paste Run 3'!BP10 -> 172710 | W11: =IF('Combined R1-R3'!O14<>"?",V11-U11,"xxx") -> 2286 | X11: =7000-W11 -> 4714 | Y11: =IF(W11<5000,"Yes","No") -> Yes | Z11: =IF(W11<>"xxx",IF(W11>7000,"OVER","xx"),"xx") -> xx
A12: ='Combined R1-R3'!E15 -> 10 | B12: 0.01 | C12: ='Paste Run 1'!DK11 -> 189102 | D12: ='Paste Run 1'!BP11 -> 191438 | E12: =IF('Combined R1-R3'!G15<>"?",D12-C12,"xxx") -> 2336 | F12: =7000-E12 -> 4664 | G12: =IF(E12<5000,"Yes","No") -> Yes | H12: =IF(E12<>"xxx",IF(E12>7000,"OVER","xx"),"xx") -> xx | J12: ='Combined R1-R3'!I15 -> 10 | K12: 0.04 | L12: ='Paste Run 2'!DK11 -> 189472 | M12: ='Paste Run 2'!BP11 -> 191250 | N12: =IF('Combined R1-R3'!K15<>"?",M12-L12,"xxx") -> 1778 | O12: =7000-N12 -> 5222 | P12: =IF(N12<5000,"Yes","No") -> Yes | Q12: =IF(N12<>"xxx",IF(N12>7000,"OVER","xx"),"xx") -> xx | S12: ='Combined R1-R3'!M15 -> 10 | T12: 0.04 | U12: ='Paste Run 3'!DK11 -> 191423 | V12: ='Paste Run 3'!BP11 -> 193981 | W12: =IF('Combined R1-R3'!O15<>"?",V12-U12,"xxx") -> 2558 | X12: =7000-W12 -> 4442 | Y12: =IF(W12<5000,"Yes","No") -> Yes | Z12: =IF(W12<>"xxx",IF(W12>7000,"OVER","xx"),"xx") -> xx
A13: ='Combined R1-R3'!E16 -> 11 | B13: 30 | C13: ='Paste Run 1'!DK12 -> 204114 | D13: ='Paste Run 1'!BP12 -> 207596 | E13: =IF('Combined R1-R3'!G16<>"?",D13-C13,"xxx") -> 3482 | F13: =7000-E13 -> 3518 | G13: =IF(E13<5000,"Yes","No") -> Yes | H13: =IF(E13<>"xxx",IF(E13>7000,"OVER","xx"),"xx") -> xx | J13: ='Combined R1-R3'!I16 -> 11 | K13: 30 | L13: ='Paste Run 2'!DK12 -> 204484 | M13: ='Paste Run 2'!BP12 -> 206721 | N13: =IF('Combined R1-R3'!K16<>"?",M13-L13,"xxx") -> 2237 | O13: =7000-N13 -> 4763 | P13: =IF(N13<5000,"Yes","No") -> Yes | Q13: =IF(N13<>"xxx",IF(N13>7000,"OVER","xx"),"xx") -> xx | S13: ='Combined R1-R3'!M16 -> 11 | T13: 60 | U13: ='Paste Run 3'!DK12 -> 206418 | V13: ='Paste Run 3'!BP12 -> 208860 | W13: =IF('Combined R1-R3'!O16<>"?",V13-U13,"xxx") -> 2442 | X13: =7000-W13 -> 4558 | Y13: =IF(W13<5000,"Yes","No") -> Yes | Z13: =IF(W13<>"xxx",IF(W13>7000,"OVER","xx"),"xx") -> xx
A14: ='Combined R1-R3'!E17 -> 12 | B14: 0.02 | C14: ='Paste Run 1'!DK13 -> 219108 | D14: ='Paste Run 1'!BP13 -> 221339 | E14: =IF('Combined R1-R3'!G17<>"?",D14-C14,"xxx") -> 2231 | F14: =7000-E14 -> 4769 | G14: =IF(E14<5000,"Yes","No") -> Yes | H14: =IF(E14<>"xxx",IF(E14>7000,"OVER","xx"),"xx") -> xx | J14: ='Combined R1-R3'!I17 -> 12 | K14: 0.01 | L14: ='Paste Run 2'!DK13 -> 219478 | M14: ='Paste Run 2'!BP13 -> 221304 | N14: =IF('Combined R1-R3'!K17<>"?",M14-L14,"xxx") -> 1826 | O14: =7000-N14 -> 5174 | P14: =IF(N14<5000,"Yes","No") -> Yes | Q14: =IF(N14<>"xxx",IF(N14>7000,"OVER","xx"),"xx") -> xx | S14: ='Combined R1-R3'!M17 -> 12 | T14: 0 | U14: ='Paste Run 3'!DK13 -> 221412 | V14: ='Paste Run 3'!BP13 -> 224194 | W14: =IF('Combined R1-R3'!O17<>"?",V14-U14,"xxx") -> 2782 | X14: =7000-W14 -> 4218 | Y14: =IF(W14<5000,"Yes","No") -> Yes | Z14: =IF(W14<>"xxx",IF(W14>7000,"OVER","xx"),"xx") -> xx
... A29: ='Combined R1-R3'!E32 -> 27 | B29: 60 | C29: ='Paste Run 1'!DK28 -> 460106 | D29: ='Paste Run 1'!BP28 -> 462769 | E29: =IF('Combined R1-R3'!G32<>"?",D29-C29,"xxx") -> 2663 | F29: =7000-E29 -> 4337 | G29: =IF(E29<5000,"Yes","No") -> Yes | H29: =IF(E29<>"xxx",IF(E29>7000,"OVER","xx"),"xx") -> xx | J29: ='Combined R1-R3'!I32 -> 27 | K29: 40 | L29: ='Paste Run 2'!DK28 -> 460477 | M29: ='Paste Run 2'!BP28 -> 462645 | N29: =IF('Combined R1-R3'!K32<>"?",M29-L29,"xxx") -> 2168 | O29: =7000-N29 -> 4832 | P29: =IF(N29<5000,"Yes","No") -> Yes | Q29: =IF(N29<>"xxx",IF(N29>7000,"OVER","xx"),"xx") -> xx | S29: ='Combined R1-R3'!M32 -> 27 | T29: 70 | U29: ='Paste Run 3'!DK28 -> 462427 | V29: ='Paste Run 3'!BP28 -> 464688 | W29: =IF('Combined R1-R3'!O32<>"?",V29-U29,"xxx") -> 2261 | X29: =7000-W29 -> 4739 | Y29: =IF(W29<5000,"Yes","No") -> Yes | Z29: =IF(W29<>"xxx",IF(W29>7000,"OVER","xx"),"xx") -> xx
A30: 28 | B30: 0.02 | C30: ='Paste Run 1'!DK29 -> 475101 | D30: ='Paste Run 1'!BP29 -> 477080 | E30: =IF('Combined R1-R3'!G33<>"?",D30-C30,"xxx") -> 1979 | F30: =7000-E30 -> 5021 | G30: =IF(E30<5000,"Yes","No") -> Yes | H30: =IF(E30<>"xxx",IF(E30>7000,"OVER","xx"),"xx") -> xx | J30: ='Combined R1-R3'!I33 -> 28 | K30: 0.05 | L30: ='Paste Run 2'!DK29 -> 475471 | M30: ='Paste Run 2'!BP29 -> 477068 | N30: =IF('Combined R1-R3'!K33<>"?",M30-L30,"xxx") -> 1597 | O30: =7000-N30 -> 5403 | P30: =IF(N30<5000,"Yes","No") -> Yes | Q30: =IF(N30<>"xxx",IF(N30>7000,"OVER","xx"),"xx") -> xx | S30: ='Combined R1-R3'!M33 -> 28 | T30: 0.01 | U30: ='Paste Run 3'!DK29 -> 477422 | V30: ='Paste Run 3'!BP29 -> 482718 | W30: =IF('Combined R1-R3'!O33<>"?",V30-U30,"xxx") -> 5296 | X30: =7000-W30 -> 1704 | Y30: =IF(W30<5000,"Yes","No") -> No | Z30: =IF(W30<>"xxx",IF(W30>7000,"OVER","xx"),"xx") -> xx
A31: 29 | B31: 70 | C31: ='Paste Run 1'!DK30 -> 498102 | D31: ='Paste Run 1'!BP30 -> 500670 | E31: =IF('Combined R1-R3'!G34<>"?",D31-C31,"xxx") -> 2568 | F31: =7000-E31 -> 4432 | G31: =IF(E31<5000,"Yes","No") -> Yes | H31: =IF(E31<>"xxx",IF(E31>7000,"OVER","xx"),"xx") -> xx | J31: ='Combined R1-R3'!I34 -> 29 | K31: 60 | L31: ='Paste Run 2'!DK30 -> 498472 | M31: ='Paste Run 2'!BP30 -> 500394 | N31: =IF('Combined R1-R3'!K34<>"?",M31-L31,"xxx") -> 1922 | O31: =7000-N31 -> 5078 | P31: =IF(N31<5000,"Yes","No") -> Yes | Q31: =IF(N31<>"xxx",IF(N31>7000,"OVER","xx"),"xx") -> xx | S31: ='Combined R1-R3'!M34 -> 29 | T31: 30 | U31: ='Paste Run 3'!DK30 -> 500423 | V31: ='Paste Run 3'!BP30 -> 502781 | W31: =IF('Combined R1-R3'!O34<>"?",V31-U31,"xxx") -> 2358 | X31: =7000-W31 -> 4642 | Y31: =IF(W31<5000,"Yes","No") -> Yes | Z31: =IF(W31<>"xxx",IF(W31>7000,"OVER","xx"),"xx") -> xx
A32: 30 | B32: 15 | C32: ='Paste Run 1'!DK31 -> 511112 | D32: ='Paste Run 1'!BP31 -> 515613 | E32: =IF('Combined R1-R3'!G35<>"?",D32-C32,"xxx") -> 4501 | F32: =7000-E32 -> 2499 | G32: =IF(E32<5000,"Yes","No") -> Yes | H32: =IF(E32<>"xxx",IF(E32>7000,"OVER","xx"),"xx") -> xx | J32: ='Combined R1-R3'!I35 -> 30 | K32: 5 | L32: ='Paste Run 2'!DK31 -> 511482 | M32: ='Paste Run 2'!BP31 -> 514233 | N32: =IF('Combined R1-R3'!K35<>"?",M32-L32,"xxx") -> 2751 | O32: =7000-N32 -> 4249 | P32: =IF(N32<5000,"Yes","No") -> Yes | Q32: =IF(N32<>"xxx",IF(N32>7000,"OVER","xx"),"xx") -> xx | S32: ='Combined R1-R3'!M35 -> 30 | T32: 0.05 | U32: ='Paste Run 3'!DK31 -> 513416 | V32: ='Paste Run 3'!BP31 -> 515044 | W32: =IF('Combined R1-R3'!O35<>"?",V32-U32,"xxx") -> 1628 | X32: =7000-W32 -> 5372 | Y32: =IF(W32<5000,"Yes","No") -> Yes | Z32: =IF(W32<>"xxx",IF(W32>7000,"OVER","xx"),"xx") -> xx
A34: Instructions Onset | B34: ='Paste Run 1'!N2 -> 18157 | J34: Instructions Onset | K34: ='Paste Run 2'!N2 -> 18510 | S34: Instructions Onset | T34: ='Paste Run 3'!N2 -> 20444
A35: Instructions Offset | B35: ='Paste Run 1'!L2 -> 24000 | J35: Instructions Offset | K35: ='Paste Run 2'!L2 -> 24369 | S35: Instructions Offset | T35: ='Paste Run 3'!L2 -> 26312
A36: Instructions Duration | B36: =B35-B34 -> 5843 | J36: Instructions Duration | K36: =K35-K34 -> 5859 | S36: Instructions Duration | T36: =T35-T34 -> 5868
A37: Final ISI Offset | B37: ='Paste Run 1'!BF31 -> 507005 | J37: Final ISI Offset | K37: ='Paste Run 2'!BF31 -> 507374 | S37: Final ISI Offset | T37: ='Paste Run 3'!BF31 -> 509317
A38: Actual Duration | B38: =B37-B34 -> 488848 | J38: Actual Duration | K38: =K37-K34 -> 488864 | S38: Actual Duration | T38: =T37-T34 -> 488873
A39: Target | B39: ='FMRI Paradigm Specs'!F33 -> 504000 | J39: Target | K39: ='FMRI Paradigm Specs'!F68 -> 504000 | S39: Target | T39: ='FMRI Paradigm Specs'!F102 -> 504000
A40: ERROR (Actual - Target) | B40: =B38-B39 -> -15152 | C40: =B40/10000 -> -1.5152 | D40: <--in seconds | J40: ERROR (Actual - Target) | K40: =K38-K39 -> -15136 | L40: =K40/10000 -> -1.5136 | M40: <--in seconds | S40: ERROR (Actual - Target) | T40: =T38-T39 -> -15127 | U40: =T40/10000 -> -1.5127 | V40: <--in seconds

Sheet Timing-Actual
B2: Run1 | C2: Trigger
C3: Instructions Onset | D3: ='Paste Run 1'!N2/1000 -> 18.157 | E3: <--Use this to subtract time before scanner started
C4: Instructions Offset | D4: ='Paste Run 1'!L2/1000 -> 24
D5: Decide | J5: Input | L5: (RT) | P5: Submitted | V5: ISI
D6: Onset-Actual | E6: Start-Onset | F6: Duration-Actual | G6: Onset-Adjusted | H6: Start-Onset Adjusted | J6: Start-Offset | K6: Submitted-Onset | L6: Duration-Actual | M6: Start-Offset-Adjusted | N6: Submitted-Onset-Adjusted | P6: Onset-Actual | Q6: Offset-Actual | R6: Duration-Actual | S6: Onset-Adjusted | T6: Offset-Adjusted | V6: Onset-Actual | W6: Offset-Actual | X6: Duration-Actual | Y6: TargetedISI | Z6: Error | AA6: Onset-Adjusted | AB6: Offset-Adjusted
C7: 1 | D7: ='Paste Run 1'!AZ2/1000 -> 24.111 | E7: ='Paste Run 1'!DM2/1000 -> 28.114 | F7: =E7-D7 -> 4.003 | G7: =D7-D$3 -> 5.954 | H7: =G7+F7 -> 9.957 | J7: ='Paste Run 1'!DK2/1000 -> 28.114 | K7: ='Paste Run 1'!DX2/1000 -> 32.935 | L7: =K7-J7 -> 4.821 | M7: =J7-D$3 -> 9.957 | N7: =M7+L7 -> 14.778 | P7: ='Paste Run 1'!DX2/1000 -> 32.935 | Q7: ='Paste Run 1'!DV2/1000 -> 35 | R7: =Q7-P7 -> 2.065 | S7: =P7-D$3 -> 14.778 | T7: =S7+R7 -> 16.843 | V7: ='Paste Run 1'!CJ2/1000 -> 35.103 | W7: ='Paste Run 1'!CH2/1000 -> 41 | X7: =W7-V7 -> 5.897 | Y7: ='Paste Run 1'!CD2/1000 -> 6 | Z7: =X7-Y7 -> -0.103 | AA7: =V7-D$3 -> 16.946 | AB7: =AA7+X7 -> 22.843
C8: 2 | D8: ='Paste Run 1'!AZ3/1000 -> 41.107 | E8: ='Paste Run 1'!DM3/1000 -> 45.11 | F8: =E8-D8 -> 4.003 | G8: =D8-D$3 -> 22.95 | H8: =G8+F8 -> 26.953 | J8: ='Paste Run 1'!DK3/1000 -> 45.111 | K8: ='Paste Run 1'!DX3/1000 -> 48.847 | L8: =K8-J8 -> 3.736 | M8: =J8-D$3 -> 26.954 | N8: =M8+L8 -> 30.69 | P8: ='Paste Run 1'!DX3/1000 -> 48.847 | Q8: ='Paste Run 1'!DV3/1000 -> 52 | R8: =Q8-P8 -> 3.153 | S8: =P8-D$3 -> 30.69 | T8: =S8+R8 -> 33.843 | V8: ='Paste Run 1'!CJ3/1000 -> 52.116 | W8: ='Paste Run 1'!CH3/1000 -> 64 | X8: =W8-V8 -> 11.884 | Y8: ='Paste Run 1'!CD3/1000 -> 12 | Z8: =X8-Y8 -> -0.116 | AA8: =V8-D$3 -> 33.959 | AB8: =AA8+X8 -> 45.843
C9: 3 | D9: ='Paste Run 1'!AZ4/1000 -> 64.108 | E9: ='Paste Run 1'!DM4/1000 -> 68.111 | F9: =E9-D9 -> 4.003 | G9: =D9-D$3 -> 45.951 | H9: =G9+F9 -> 49.954 | J9: ='Paste Run 1'!DK4/1000 -> 68.111 | K9: ='Paste Run 1'!DX4/1000 -> 71.981 | L9: =K9-J9 -> 3.87 | M9: =J9-D$3 -> 49.954 | N9: =M9+L9 -> 53.824 | P9: ='Paste Run 1'!DX4/1000 -> 71.981 | Q9: ='Paste Run 1'!DV4/1000 -> 75 | R9: =Q9-P9 -> 3.019 | S9: =P9-D$3 -> 53.824 | T9: =S9+R9 -> 56.843 | V9: ='Paste Run 1'!CJ4/1000 -> 75.1 | W9: ='Paste Run 1'!CH4/1000 -> 83 | X9: =W9-V9 -> 7.9 | Y9: ='Paste Run 1'!CD4/1000 -> 8 | Z9: =X9-Y9 -> -0.1 | AA9: =V9-D$3 -> 56.943 | AB9: =AA9+X9 -> 64.843
C10: 4 | D10: ='Paste Run 1'!AZ5/1000 -> 83.106 | E10: ='Paste Run 1'!DM5/1000 -> 87.109 | F10: =E10-D10 -> 4.003 | G10: =D10-D$3 -> 64.949 | H10: =G10+F10 -> 68.952 | J10: ='Paste Run 1'!DK5/1000 -> 87.109 | K10: ='Paste Run 1'!DX5/1000 -> 89.694 | L10: =K10-J10 -> 2.585 | M10: =J10-D$3 -> 68.952 | N10: =M10+L10 -> 71.537 | P10: ='Paste Run 1'!DX5/1000 -> 89.694 | Q10: ='Paste Run 1'!DV5/1000 -> 94 | R10: =Q10-P10 -> 4.306 | S10: =P10-D$3 -> 71.537 | T10: =S10+R10 -> 75.843 | V10: ='Paste Run 1'!CJ5/1000 -> 94.114 | W10: ='Paste Run 1'!CH5/1000 -> 98 | X10: =W10-V10 -> 3.886 | Y10: ='Paste Run 1'!CD5/1000 -> 4 | Z10: =X10-Y10 -> -0.114 | AA10: =V10-D$3 -> 75.957 | AB10: =AA10+X10 -> 79.843
C11: 5 | D11: ='Paste Run 1'!AZ6/1000 -> 98.1 | E11: ='Paste Run 1'!DM6/1000 -> 102.103 | F11: =E11-D11 -> 4.003 | G11: =D11-D$3 -> 79.943 | H11: =G11+F11 -> 83.946 | J11: ='Paste Run 1'!DK6/1000 -> 102.103 | K11: ='Paste Run 1'!DX6/1000 -> 107.024 | L11: =K11-J11 -> 4.921 | M11: =J11-D$3 -> 83.946 | N11: =M11+L11 -> 88.867 | P11: ='Paste Run 1'!DX6/1000 -> 107.024 | Q11: ='Paste Run 1'!DV6/1000 -> 109 | R11: =Q11-P11 -> 1.976 | S11: =P11-D$3 -> 88.867 | T11: =S11+R11 -> 90.843 | V11: ='Paste Run 1'!CJ6/1000 -> 109.109 | W11: ='Paste Run 1'!CH6/1000 -> 113 | X11: =W11-V11 -> 3.891 | Y11: ='Paste Run 1'!CD6/1000 -> 4 | Z11: =X11-Y11 -> -0.109 | AA11: =V11-D$3 -> 90.952 | AB11: =AA11+X11 -> 94.843
C12: 6 | D12: ='Paste Run 1'!AZ7/1000 -> 113.112 | E12: ='Paste Run 1'!DM7/1000 -> 117.115 | F12: =E12-D12 -> 4.003 | G12: =D12-D$3 -> 94.955 | H12: =G12+F12 -> 98.958 | J12: ='Paste Run 1'!DK7/1000 -> 117.115 | K12: ='Paste Run 1'!DX7/1000 -> 120.834 | L12: =K12-J12 -> 3.719 | M12: =J12-D$3 -> 98.958 | N12: =M12+L12 -> 102.677 | P12: ='Paste Run 1'!DX7/1000 -> 120.834 | Q12: ='Paste Run 1'!DV7/1000 -> 124 | R12: =Q12-P12 -> 3.166 | S12: =P12-D$3 -> 102.677 | T12: =S12+R12 -> 105.843 | V12: ='Paste Run 1'!CJ7/1000 -> 124.103 | W12: ='Paste Run 1'!CH7/1000 -> 126 | X12: =W12-V12 -> 1.897 | Y12: ='Paste Run 1'!CD7/1000 -> 2 | Z12: =X12-Y12 -> -0.103 | AA12: =V12-D$3 -> 105.946 | AB12: =AA12+X12 -> 107.843
C13: 7 | D13: ='Paste Run 1'!AZ8/1000 -> 126.105 | E13: ='Paste Run 1'!DM8/1000 -> 130.108 | F13: =E13-D13 -> 4.003 | G13: =D13-D$3 -> 107.948 | H13: =G13+F13 -> 111.951 | J13: ='Paste Run 1'!DK8/1000 -> 130.108 | K13: ='Paste Run 1'!DX8/1000 -> 133.794 | L13: =K13-J13 -> 3.686 | M13: =J13-D$3 -> 111.951 | N13: =M13+L13 -> 115.637 | P13: ='Paste Run 1'!DX8/1000 -> 133.794 | Q13: ='Paste Run 1'!DV8/1000 -> 137 | R13: =Q13-P13 -> 3.206 | S13: =P13-D$3 -> 115.637 | T13: =S13+R13 -> 118.843 | V13: ='Paste Run 1'!CJ8/1000 -> 137.113 | W13: ='Paste Run 1'!CH8/1000 -> 145 | X13: =W13-V13 -> 7.887 | Y13: ='Paste Run 1'!CD8/1000 -> 8 | Z13: =X13-Y13 -> -0.113 | AA13: =V13-D$3 -> 118.956 | AB13: =AA13+X13 -> 126.843
C14: 8 | D14: ='Paste Run 1'!AZ9/1000 -> 145.102 | E14: ='Paste Run 1'!DM9/1000 -> 149.105 | F14: =E14-D14 -> 4.003 | G14: =D14-D$3 -> 126.945 | H14: =G14+F14 -> 130.948 | J14: ='Paste Run 1'!DK9/1000 -> 149.106 | K14: ='Paste Run 1'!DX9/1000 -> 152.091 | L14: =K14-J14 -> 2.985 | M14: =J14-D$3 -> 130.949 | N14: =M14+L14 -> 133.934 | P14: ='Paste Run 1'!DX9/1000 -> 152.091 | Q14: ='Paste Run 1'!DV9/1000 -> 156 | R14: =Q14-P14 -> 3.909 | S14: =P14-D$3 -> 133.934 | T14: =S14+R14 -> 137.843 | V14: ='Paste Run 1'!CJ9/1000 -> 156.111 | W14: ='Paste Run 1'!CH9/1000 -> 164 | X14: =W14-V14 -> 7.889 | Y14: ='Paste Run 1'!CD9/1000 -> 8 | Z14: =X14-Y14 -> -0.111 | AA14: =V14-D$3 -> 137.954 | AB14: =AA14+X14 -> 145.843
C15: 9 | D15: ='Paste Run 1'!AZ10/1000 -> 164.1 | E15: ='Paste Run 1'!DM10/1000 -> 168.103 | F15: =E15-D15 -> 4.003 | G15: =D15-D$3 -> 145.943 | H15: =G15+F15 -> 149.946 | J15: ='Paste Run 1'!DK10/1000 -> 168.103 | K15: ='Paste Run 1'!DX10/1000 -> 171.472 | L15: =K15-J15 -> 3.369 | M15: =J15-D$3 -> 149.946 | N15: =M15+L15 -> 153.315 | P15: ='Paste Run 1'!DX10/1000 -> 171.472 | Q15: ='Paste Run 1'!DV10/1000 -> 175 | R15: =Q15-P15 -> 3.528 | S15: =P15-D$3 -> 153.315 | T15: =S15+R15 -> 156.843 | V15: ='Paste Run 1'!CJ10/1000 -> 175.108 | W15: ='Paste Run 1'!CH10/1000 -> 185 | X15: =W15-V15 -> 9.892 | Y15: ='Paste Run 1'!CD10/1000 -> 10 | Z15: =X15-Y15 -> -0.108 | AA15: =V15-D$3 -> 156.951 | AB15: =AA15+X15 -> 166.843
C16: 10 | D16: ='Paste Run 1'!AZ11/1000 -> 185.116 | E16: ='Paste Run 1'!DM11/1000 -> 189.102 | F16: =E16-D16 -> 3.986 | G16: =D16-D$3 -> 166.959 | H16: =G16+F16 -> 170.945 | J16: ='Paste Run 1'!DK11/1000 -> 189.102 | K16: ='Paste Run 1'!DX11/1000 -> 191.487 | L16: =K16-J16 -> 2.385 | M16: =J16-D$3 -> 170.945 | N16: =M16+L16 -> 173.33 | P16: ='Paste Run 1'!DX11/1000 -> 191.487 | Q16: ='Paste Run 1'!DV11/1000 -> 196 | R16: =Q16-P16 -> 4.513 | S16: =P16-D$3 -> 173.33 | T16: =S16+R16 -> 177.843 | V16: ='Paste Run 1'!CJ11/1000 -> 196.108 | W16: ='Paste Run 1'!CH11/1000 -> 200 | X16: =W16-V16 -> 3.892 | Y16: ='Paste Run 1'!CD11/1000 -> 4 | Z16: =X16-Y16 -> -0.108 | AA16: =V16-D$3 -> 177.951 | AB16: =AA16+X16 -> 181.843
C17: 11 | D17: ='Paste Run 1'!AZ12/1000 -> 200.111 | E17: ='Paste Run 1'!DM12/1000 -> 204.114 | F17: =E17-D17 -> 4.003 | G17: =D17-D$3 -> 181.954 | H17: =G17+F17 -> 185.957 | J17: ='Paste Run 1'!DK12/1000 -> 204.114 | K17: ='Paste Run 1'!DX12/1000 -> 207.65 | L17: =K17-J17 -> 3.536 | M17: =J17-D$3 -> 185.957 | N17: =M17+L17 -> 189.493 | P17: ='Paste Run 1'!DX12/1000 -> 207.65 | Q17: ='Paste Run 1'!DV12/1000 -> 211 | R17: =Q17-P17 -> 3.35 | S17: =P17-D$3 -> 189.493 | T17: =S17+R17 -> 192.843 | V17: ='Paste Run 1'!CJ12/1000 -> 211.102 | W17: ='Paste Run 1'!CH12/1000 -> 215 | X17: =W17-V17 -> 3.898 | Y17: ='Paste Run 1'!CD12/1000 -> 4 | Z17: =X17-Y17 -> -0.102 | AA17: =V17-D$3 -> 192.945 | AB17: =AA17+X17 -> 196.843
C18: 12 | D18: ='Paste Run 1'!AZ13/1000 -> 215.105 | E18: ='Paste Run 1'!DM13/1000 -> 219.108 | F18: =E18-D18 -> 4.003 | G18: =D18-D$3 -> 196.948 | H18: =G18+F18 -> 200.951 | J18: ='Paste Run 1'!DK13/1000 -> 219.108 | K18: ='Paste Run 1'!DX13/1000 -> 221.393 | L18: =K18-J18 -> 2.285 | M18: =J18-D$3 -> 200.951 | N18: =M18+L18 -> 203.236 | P18: ='Paste Run 1'!DX13/1000 -> 221.393 | Q18: ='Paste Run 1'!DV13/1000 -> 226 | R18: =Q18-P18 -> 4.607 | S18: =P18-D$3 -> 203.236 | T18: =S18+R18 -> 207.843 | V18: ='Paste Run 1'!CJ13/1000 -> 226.114 | W18: ='Paste Run 1'!CH13/1000 -> 228 | X18: =W18-V18 -> 1.886 | Y18: ='Paste Run 1'!CD13/1000 -> 2 | Z18: =X18-Y18 -> -0.114 | AA18: =V18-D$3 -> 207.957 | AB18: =AA18+X18 -> 209.843
... C36: 30 | D36: ='Paste Run 1'!AZ31/1000 -> 507.109 | E36: ='Paste Run 1'!DM31/1000 -> 511.112 | F36: =E36-D36 -> 4.003 | G36: =D36-D$3 -> 488.952 | H36: =G36+F36 -> 492.955 | J36: ='Paste Run 1'!DK31/1000 -> 511.112 | K36: ='Paste Run 1'!DX31/1000 -> 515.665 | L36: =K36-J36 -> 4.553 | M36: =J36-D$3 -> 492.955 | N36: =M36+L36 -> 497.508 | P36: ='Paste Run 1'!DX31/1000 -> 515.665 | Q36: ='Paste Run 1'!DV31/1000 -> 518 | R36: =Q36-P36 -> 2.335 | S36: =P36-D$3 -> 497.508 | T36: =S36+R36 -> 499.843 | V36: ='Paste Run 1'!CJ31/1000 -> 518.1 | W36: ='Paste Run 1'!CH31/1000 -> 522 | X36: =W36-V36 -> 3.9 | Y36: ='Paste Run 1'!CD31/1000 -> 4 | Z36: =X36-Y36 -> -0.1 | AA36: =V36-D$3 -> 499.943 | AB36: =AA36+X36 -> 503.843
K37: # > 7 SEC | L37: =COUNTIF(L7:L36,">7") -> 0
B38: Run2 | C38: CUMULATIVE START | D38: 0 | E38: Changed to 0 for local
C40: Instructions Onset | D40: ='Paste Run 2'!N2/1000 -> 18.51
C41: Instructions Offset | D41: ='Paste Run 2'!L2/1000 -> 24.369
D42: Decide | J42: Input | L42: (RT) | P42: Submitted | V42: ISI
D43: Onset-Actual | E43: Start-Onset | F43: Duration-Actual | G43: Onset-Adjusted | H43: Start-Onset Adjusted | J43: Start-Offset | K43: Submitted-Onset | L43: Duration-Actual | M43: Start-Offset-Adjusted | N43: Submitted-Onset-Adjusted | P43: Onset-Actual | Q43: Offset-Actual | R43: Duration-Actual | S43: Onset-Adjusted | T43: Offset-Adjusted | V43: Onset-Actual | W43: Offset-Actual | X43: Duration-Actual | Y43: TargetedISI | Z43: Error | AA43: Onset-Adjusted | AB43: Offset-Adjusted
C44: 1 | D44: ='Paste Run 2'!AZ2/1000 -> 24.481 | E44: ='Paste Run 2'!DM2/1000 -> 28.485 | F44: =E44-D44 -> 4.004 | G44: =(D44-D$40)+D$38 -> 5.971 | H44: =G44+F44 -> 9.975 | J44: ='Paste Run 2'!DK2/1000 -> 28.485 | K44: ='Paste Run 2'!DX2/1000 -> 31.353 | L44: =K44-J44 -> 2.868 | M44: =(J44-D$40)+D$38 -> 9.975 | N44: =M44+L44 -> 12.843 | P44: ='Paste Run 2'!DX2/1000 -> 31.353 | Q44: ='Paste Run 2'!DV2/1000 -> 35.369 | R44: =Q44-P44 -> 4.016 | S44: =(P44-D$40)+D$38 -> 12.843 | T44: =S44+R44 -> 16.859 | V44: ='Paste Run 2'!CJ2/1000 -> 35.473 | W44: ='Paste Run 2'!CH2/1000 -> 41.369 | X44: =W44-V44 -> 5.896 | Y44: ='Paste Run 2'!CD2/1000 -> 6 | Z44: =X44-Y44 -> -0.104 | AA44: =(V44-D$40)+D$38 -> 16.963 | AB44: =AA44+X44 -> 22.859
C45: 2 | D45: ='Paste Run 2'!AZ3/1000 -> 41.478 | E45: ='Paste Run 2'!DM3/1000 -> 45.481 | F45: =E45-D45 -> 4.003 | G45: =(D45-D$40)+D$38 -> 22.968 | H45: =G45+F45 -> 26.971 | J45: ='Paste Run 2'!DK3/1000 -> 45.481 | K45: ='Paste Run 2'!DX3/1000 -> 47.832 | L45: =K45-J45 -> 2.351 | M45: =(J45-D$40)+D$38 -> 26.971 | N45: =M45+L45 -> 29.322 | P45: ='Paste Run 2'!DX3/1000 -> 47.832 | Q45: ='Paste Run 2'!DV3/1000 -> 52.369 | R45: =Q45-P45 -> 4.537 | S45: =(P45-D$40)+D$38 -> 29.322 | T45: =S45+R45 -> 33.859 | V45: ='Paste Run 2'!CJ3/1000 -> 52.469 | W45: ='Paste Run 2'!CH3/1000 -> 64.369 | X45: =W45-V45 -> 11.9 | Y45: ='Paste Run 2'!CD3/1000 -> 12 | Z45: =X45-Y45 -> -0.1 | AA45: =(V45-D$40)+D$38 -> 33.959 | AB45: =AA45+X45 -> 45.859
C46: 3 | D46: ='Paste Run 2'!AZ4/1000 -> 64.478 | E46: ='Paste Run 2'!DM4/1000 -> 68.481 | F46: =E46-D46 -> 4.003 | G46: =(D46-D$40)+D$38 -> 45.968 | H46: =G46+F46 -> 49.971 | J46: ='Paste Run 2'!DK4/1000 -> 68.481 | K46: ='Paste Run 2'!DX4/1000 -> 71.05 | L46: =K46-J46 -> 2.569 | M46: =(J46-D$40)+D$38 -> 49.971 | N46: =M46+L46 -> 52.54 | P46: ='Paste Run 2'!DX4/1000 -> 71.05 | Q46: ='Paste Run 2'!DV4/1000 -> 75.369 | R46: =Q46-P46 -> 4.319 | S46: =(P46-D$40)+D$38 -> 52.54 | T46: =S46+R46 -> 56.859 | V46: ='Paste Run 2'!CJ4/1000 -> 75.47 | W46: ='Paste Run 2'!CH4/1000 -> 83.369 | X46: =W46-V46 -> 7.899 | Y46: ='Paste Run 2'!CD4/1000 -> 8 | Z46: =X46-Y46 -> -0.101 | AA46: =(V46-D$40)+D$38 -> 56.96 | AB46: =AA46+X46 -> 64.859
C47: 4 | D47: ='Paste Run 2'!AZ5/1000 -> 83.476 | E47: ='Paste Run 2'!DM5/1000 -> 87.479 | F47: =E47-D47 -> 4.003 | G47: =(D47-D$40)+D$38 -> 64.966 | H47: =G47+F47 -> 68.969 | J47: ='Paste Run 2'!DK5/1000 -> 87.479 | K47: ='Paste Run 2'!DX5/1000 -> 90.064 | L47: =K47-J47 -> 2.585 | M47: =(J47-D$40)+D$38 -> 68.969 | N47: =M47+L47 -> 71.554 | P47: ='Paste Run 2'!DX5/1000 -> 90.064 | Q47: ='Paste Run 2'!DV5/1000 -> 94.369 | R47: =Q47-P47 -> 4.305 | S47: =(P47-D$40)+D$38 -> 71.554 | T47: =S47+R47 -> 75.859 | V47: ='Paste Run 2'!CJ5/1000 -> 94.484 | W47: ='Paste Run 2'!CH5/1000 -> 98.369 | X47: =W47-V47 -> 3.885 | Y47: ='Paste Run 2'!CD5/1000 -> 4 | Z47: =X47-Y47 -> -0.115 | AA47: =(V47-D$40)+D$38 -> 75.974 | AB47: =AA47+X47 -> 79.859
C48: 5 | D48: ='Paste Run 2'!AZ6/1000 -> 98.47 | E48: ='Paste Run 2'!DM6/1000 -> 102.473 | F48: =E48-D48 -> 4.003 | G48: =(D48-D$40)+D$38 -> 79.96 | H48: =G48+F48 -> 83.963 | J48: ='Paste Run 2'!DK6/1000 -> 102.474 | K48: ='Paste Run 2'!DX6/1000 -> 104.142 | L48: =K48-J48 -> 1.668 | M48: =(J48-D$40)+D$38 -> 83.964 | N48: =M48+L48 -> 85.632 | P48: ='Paste Run 2'!DX6/1000 -> 104.142 | Q48: ='Paste Run 2'!DV6/1000 -> 109.369 | R48: =Q48-P48 -> 5.227 | S48: =(P48-D$40)+D$38 -> 85.632 | T48: =S48+R48 -> 90.859 | V48: ='Paste Run 2'!CJ6/1000 -> 109.479 | W48: ='Paste Run 2'!CH6/1000 -> 113.369 | X48: =W48-V48 -> 3.89 | Y48: ='Paste Run 2'!CD6/1000 -> 4 | Z48: =X48-Y48 -> -0.11 | AA48: =(V48-D$40)+D$38 -> 90.969 | AB48: =AA48+X48 -> 94.859
C49: 6 | D49: ='Paste Run 2'!AZ7/1000 -> 113.482 | E49: ='Paste Run 2'!DM7/1000 -> 117.485 | F49: =E49-D49 -> 4.003 | G49: =(D49-D$40)+D$38 -> 94.972 | H49: =G49+F49 -> 98.975 | J49: ='Paste Run 2'!DK7/1000 -> 117.485 | K49: ='Paste Run 2'!DX7/1000 -> 119.353 | L49: =K49-J49 -> 1.868 | M49: =(J49-D$40)+D$38 -> 98.975 | N49: =M49+L49 -> 100.843 | P49: ='Paste Run 2'!DX7/1000 -> 119.353 | Q49: ='Paste Run 2'!DV7/1000 -> 124.369 | R49: =Q49-P49 -> 5.016 | S49: =(P49-D$40)+D$38 -> 100.843 | T49: =S49+R49 -> 105.859 | V49: ='Paste Run 2'!CJ7/1000 -> 124.473 | W49: ='Paste Run 2'!CH7/1000 -> 126.369 | X49: =W49-V49 -> 1.896 | Y49: ='Paste Run 2'!CD7/1000 -> 2 | Z49: =X49-Y49 -> -0.104 | AA49: =(V49-D$40)+D$38 -> 105.963 | AB49: =AA49+X49 -> 107.859
C50: 7 | D50: ='Paste Run 2'!AZ8/1000 -> 126.475 | E50: ='Paste Run 2'!DM8/1000 -> 130.478 | F50: =E50-D50 -> 4.003 | G50: =(D50-D$40)+D$38 -> 107.965 | H50: =G50+F50 -> 111.968 | J50: ='Paste Run 2'!DK8/1000 -> 130.478 | K50: ='Paste Run 2'!DX8/1000 -> 134.414 | L50: =K50-J50 -> 3.936 | M50: =(J50-D$40)+D$38 -> 111.968 | N50: =M50+L50 -> 115.904 | P50: ='Paste Run 2'!DX8/1000 -> 134.414 | Q50: ='Paste Run 2'!DV8/1000 -> 137.369 | R50: =Q50-P50 -> 2.955 | S50: =(P50-D$40)+D$38 -> 115.904 | T50: =S50+R50 -> 118.859 | V50: ='Paste Run 2'!CJ8/1000 -> 137.483 | W50: ='Paste Run 2'!CH8/1000 -> 145.369 | X50: =W50-V50 -> 7.886 | Y50: ='Paste Run 2'!CD8/1000 -> 8 | Z50: =X50-Y50 -> -0.114 | AA50: =(V50-D$40)+D$38 -> 118.973 | AB50: =AA50+X50 -> 126.859
C51: 8 | D51: ='Paste Run 2'!AZ9/1000 -> 145.473 | E51: ='Paste Run 2'!DM9/1000 -> 149.476 | F51: =E51-D51 -> 4.003 | G51: =(D51-D$40)+D$38 -> 126.963 | H51: =G51+F51 -> 130.966 | J51: ='Paste Run 2'!DK9/1000 -> 149.476 | K51: ='Paste Run 2'!DX9/1000 -> 151.561 | L51: =K51-J51 -> 2.085 | M51: =(J51-D$40)+D$38 -> 130.966 | N51: =M51+L51 -> 133.051 | P51: ='Paste Run 2'!DX9/1000 -> 151.561 | Q51: ='Paste Run 2'!DV9/1000 -> 156.369 | R51: =Q51-P51 -> 4.808 | S51: =(P51-D$40)+D$38 -> 133.051 | T51: =S51+R51 -> 137.859 | V51: ='Paste Run 2'!CJ9/1000 -> 156.481 | W51: ='Paste Run 2'!CH9/1000 -> 164.369 | X51: =W51-V51 -> 7.888 | Y51: ='Paste Run 2'!CD9/1000 -> 8 | Z51: =X51-Y51 -> -0.112 | AA51: =(V51-D$40)+D$38 -> 137.971 | AB51: =AA51+X51 -> 145.859
C52: 9 | D52: ='Paste Run 2'!AZ10/1000 -> 164.47 | E52: ='Paste Run 2'!DM10/1000 -> 168.473 | F52: =E52-D52 -> 4.003 | G52: =(D52-D$40)+D$38 -> 145.96 | H52: =G52+F52 -> 149.963 | J52: ='Paste Run 2'!DK10/1000 -> 168.473 | K52: ='Paste Run 2'!DX10/1000 -> 170.792 | L52: =K52-J52 -> 2.319 | M52: =(J52-D$40)+D$38 -> 149.963 | N52: =M52+L52 -> 152.282 | P52: ='Paste Run 2'!DX10/1000 -> 170.792 | Q52: ='Paste Run 2'!DV10/1000 -> 175.369 | R52: =Q52-P52 -> 4.577 | S52: =(P52-D$40)+D$38 -> 152.282 | T52: =S52+R52 -> 156.859 | V52: ='Paste Run 2'!CJ10/1000 -> 175.478 | W52: ='Paste Run 2'!CH10/1000 -> 185.369 | X52: =W52-V52 -> 9.891 | Y52: ='Paste Run 2'!CD10/1000 -> 10 | Z52: =X52-Y52 -> -0.109 | AA52: =(V52-D$40)+D$38 -> 156.968 | AB52: =AA52+X52 -> 166.859
C53: 10 | D53: ='Paste Run 2'!AZ11/1000 -> 185.469 | E53: ='Paste Run 2'!DM11/1000 -> 189.472 | F53: =E53-D53 -> 4.003 | G53: =(D53-D$40)+D$38 -> 166.959 | H53: =G53+F53 -> 170.962 | J53: ='Paste Run 2'!DK11/1000 -> 189.472 | K53: ='Paste Run 2'!DX11/1000 -> 191.291 | L53: =K53-J53 -> 1.819 | M53: =(J53-D$40)+D$38 -> 170.962 | N53: =M53+L53 -> 172.781 | P53: ='Paste Run 2'!DX11/1000 -> 191.291 | Q53: ='Paste Run 2'!DV11/1000 -> 196.369 | R53: =Q53-P53 -> 5.078 | S53: =(P53-D$40)+D$38 -> 172.781 | T53: =S53+R53 -> 177.859 | V53: ='Paste Run 2'!CJ11/1000 -> 196.478 | W53: ='Paste Run 2'!CH11/1000 -> 200.369 | X53: =W53-V53 -> 3.891 | Y53: ='Paste Run 2'!CD11/1000 -> 4 | Z53: =X53-Y53 -> -0.109 | AA53: =(V53-D$40)+D$38 -> 177.968 | AB53: =AA53+X53 -> 181.859
C54: 11 | D54: ='Paste Run 2'!AZ12/1000 -> 200.481 | E54: ='Paste Run 2'!DM12/1000 -> 204.484 | F54: =E54-D54 -> 4.003 | G54: =(D54-D$40)+D$38 -> 181.971 | H54: =G54+F54 -> 185.974 | J54: ='Paste Run 2'!DK12/1000 -> 204.484 | K54: ='Paste Run 2'!DX12/1000 -> 206.769 | L54: =K54-J54 -> 2.285 | M54: =(J54-D$40)+D$38 -> 185.974 | N54: =M54+L54 -> 188.259 | P54: ='Paste Run 2'!DX12/1000 -> 206.769 | Q54: ='Paste Run 2'!DV12/1000 -> 211.369 | R54: =Q54-P54 -> 4.6 | S54: =(P54-D$40)+D$38 -> 188.259 | T54: =S54+R54 -> 192.859 | V54: ='Paste Run 2'!CJ12/1000 -> 211.472 | W54: ='Paste Run 2'!CH12/1000 -> 215.369 | X54: =W54-V54 -> 3.897 | Y54: ='Paste Run 2'!CD12/1000 -> 4 | Z54: =X54-Y54 -> -0.103 | AA54: =(V54-D$40)+D$38 -> 192.962 | AB54: =AA54+X54 -> 196.859
C55: 12 | D55: ='Paste Run 2'!AZ13/1000 -> 215.475 | E55: ='Paste Run 2'!DM13/1000 -> 219.478 | F55: =E55-D55 -> 4.003 | G55: =(D55-D$40)+D$38 -> 196.965 | H55: =G55+F55 -> 200.968 | J55: ='Paste Run 2'!DK13/1000 -> 219.478 | K55: ='Paste Run 2'!DX13/1000 -> 221.346 | L55: =K55-J55 -> 1.868 | M55: =(J55-D$40)+D$38 -> 200.968 | N55: =M55+L55 -> 202.836 | P55: ='Paste Run 2'!DX13/1000 -> 221.346 | Q55: ='Paste Run 2'!DV13/1000 -> 226.369 | R55: =Q55-P55 -> 5.023 | S55: =(P55-D$40)+D$38 -> 202.836 | T55: =S55+R55 -> 207.859 | V55: ='Paste Run 2'!CJ13/1000 -> 226.484 | W55: ='Paste Run 2'!CH13/1000 -> 228.369 | X55: =W55-V55 -> 1.885 | Y55: ='Paste Run 2'!CD13/1000 -> 2 | Z55: =X55-Y55 -> -0.115 | AA55: =(V55-D$40)+D$38 -> 207.974 | AB55: =AA55+X55 -> 209.859
... C73: 30 | D73: ='Paste Run 2'!AZ31/1000 -> 507.479 | E73: ='Paste Run 2'!DM31/1000 -> 511.482 | F73: =E73-D73 -> 4.003 | G73: =(D73-D$40)+D$38 -> 488.969 | H73: =G73+F73 -> 492.972 | J73: ='Paste Run 2'!DK31/1000 -> 511.482 | K73: ='Paste Run 2'!DX31/1000 -> 514.284 | L73: =K73-J73 -> 2.802 | M73: =(J73-D$40)+D$38 -> 492.972 | N73: =M73+L73 -> 495.774 | P73: ='Paste Run 2'!DX31/1000 -> 514.284 | Q73: ='Paste Run 2'!DV31/1000 -> 518.369 | R73: =Q73-P73 -> 4.085 | S73: =(P73-D$40)+D$38 -> 495.774 | T73: =S73+R73 -> 499.859 | V73: ='Paste Run 2'!CJ31/1000 -> 518.47 | W73: ='Paste Run 2'!CH31/1000 -> 522.369 | X73: =W73-V73 -> 3.899 | Y73: ='Paste Run 2'!CD31/1000 -> 4 | Z73: =X73-Y73 -> -0.101 | AA73: =(V73-D$40)+D$38 -> 499.96 | AB73: =AA73+X73 -> 503.859
K74: # > 7 SEC | L74: =COUNTIF(L44:L73,">7") -> 0
B75: Run3 | C75: CUMULATIVE START | D75: 0 | E75: changed to 0 for local
C76: Instructions Onset | D76: ='Paste Run 3'!N2/1000 -> 20.444
C77: Instructions Offset | D77: ='Paste Run 3'!L2/1000 -> 26.312
D78: Decide | J78: Input | L78: (RT) | P78: Submitted | V78: ISI
D79: Onset-Actual | E79: Start-Onset | F79: Duration-Actual | G79: Onset-Adjusted | H79: Start-Onset Adjusted | J79: Start-Offset | K79: Submitted-Onset | L79: Duration-Actual | M79: Start-Offset-Adjusted | N79: Submitted-Onset-Adjusted | P79: Onset-Actual | Q79: Offset-Actual | R79: Duration-Actual | S79: Onset-Adjusted | T79: Offset-Adjusted | V79: Onset-Actual | W79: Offset-Actual | X79: Duration-Actual | Y79: TargetedISI | Z79: Error | AA79: Onset-Adjusted | AB79: Offset-Adjusted
C80: 1 | D80: ='Paste Run 3'!AZ2/1000 -> 26.415 | E80: ='Paste Run 3'!DM2/1000 -> 30.419 | F80: =E80-D80 -> 4.004 | G80: =(D80-D$76)+D$75 -> 5.971 | H80: =G80+F80 -> 9.975 | J80: ='Paste Run 3'!DK2/1000 -> 30.419 | K80: ='Paste Run 3'!DX2/1000 -> 33.137 | L80: =K80-J80 -> 2.718 | M80: =(J80-D$76)+D$75 -> 9.975 | N80: =M80+L80 -> 12.693 | P80: ='Paste Run 3'!DX2/1000 -> 33.137 | Q80: ='Paste Run 3'!DV2/1000 -> 37.312 | R80: =Q80-P80 -> 4.175 | S80: =(P80-D$76)+D$75 -> 12.693 | T80: =S80+R80 -> 16.868 | V80: ='Paste Run 3'!CJ2/1000 -> 37.424 | W80: ='Paste Run 3'!CH2/1000 -> 43.312 | X80: =W80-V80 -> 5.888 | Y80: ='Paste Run 3'!CD2/1000 -> 6 | Z80: =X80-Y80 -> -0.112 | AA80: =(V80-D$76)+D$75 -> 16.98 | AB80: =AA80+X80 -> 22.868
C81: 2 | D81: ='Paste Run 3'!AZ3/1000 -> 43.412 | E81: ='Paste Run 3'!DM3/1000 -> 47.415 | F81: =E81-D81 -> 4.003 | G81: =(D81-D$76)+D$75 -> 22.968 | H81: =G81+F81 -> 26.971 | J81: ='Paste Run 3'!DK3/1000 -> 47.415 | K81: ='Paste Run 3'!DX3/1000 -> 48.566 | L81: =K81-J81 -> 1.151 | M81: =(J81-D$76)+D$75 -> 26.971 | N81: =M81+L81 -> 28.122 | P81: ='Paste Run 3'!DX3/1000 -> 48.566 | Q81: ='Paste Run 3'!DV3/1000 -> 54.312 | R81: =Q81-P81 -> 5.746 | S81: =(P81-D$76)+D$75 -> 28.122 | T81: =S81+R81 -> 33.868 | V81: ='Paste Run 3'!CJ3/1000 -> 54.42 | W81: ='Paste Run 3'!CH3/1000 -> 66.312 | X81: =W81-V81 -> 11.892 | Y81: ='Paste Run 3'!CD3/1000 -> 12 | Z81: =X81-Y81 -> -0.108 | AA81: =(V81-D$76)+D$75 -> 33.976 | AB81: =AA81+X81 -> 45.868
C82: 3 | D82: ='Paste Run 3'!AZ4/1000 -> 66.412 | E82: ='Paste Run 3'!DM4/1000 -> 70.415 | F82: =E82-D82 -> 4.003 | G82: =(D82-D$76)+D$75 -> 45.968 | H82: =G82+F82 -> 49.971 | J82: ='Paste Run 3'!DK4/1000 -> 70.416 | K82: ='Paste Run 3'!DX4/1000 -> 72.684 | L82: =K82-J82 -> 2.268 | M82: =(J82-D$76)+D$75 -> 49.972 | N82: =M82+L82 -> 52.24 | P82: ='Paste Run 3'!DX4/1000 -> 72.684 | Q82: ='Paste Run 3'!DV4/1000 -> 77.312 | R82: =Q82-P82 -> 4.628 | S82: =(P82-D$76)+D$75 -> 52.24 | T82: =S82+R82 -> 56.868 | V82: ='Paste Run 3'!CJ4/1000 -> 77.421 | W82: ='Paste Run 3'!CH4/1000 -> 85.312 | X82: =W82-V82 -> 7.891 | Y82: ='Paste Run 3'!CD4/1000 -> 8 | Z82: =X82-Y82 -> -0.109 | AA82: =(V82-D$76)+D$75 -> 56.977 | AB82: =AA82+X82 -> 64.868
C83: 4 | D83: ='Paste Run 3'!AZ5/1000 -> 85.427 | E83: ='Paste Run 3'!DM5/1000 -> 89.413 | F83: =E83-D83 -> 3.986 | G83: =(D83-D$76)+D$75 -> 64.983 | H83: =G83+F83 -> 68.969 | J83: ='Paste Run 3'!DK5/1000 -> 89.413 | K83: ='Paste Run 3'!DX5/1000 -> 91.381 | L83: =K83-J83 -> 1.968 | M83: =(J83-D$76)+D$75 -> 68.969 | N83: =M83+L83 -> 70.937 | P83: ='Paste Run 3'!DX5/1000 -> 91.381 | Q83: ='Paste Run 3'!DV5/1000 -> 96.312 | R83: =Q83-P83 -> 4.931 | S83: =(P83-D$76)+D$75 -> 70.937 | T83: =S83+R83 -> 75.868 | V83: ='Paste Run 3'!CJ5/1000 -> 96.418 | W83: ='Paste Run 3'!CH5/1000 -> 100.312 | X83: =W83-V83 -> 3.894 | Y83: ='Paste Run 3'!CD5/1000 -> 4 | Z83: =X83-Y83 -> -0.106 | AA83: =(V83-D$76)+D$75 -> 75.974 | AB83: =AA83+X83 -> 79.868
C84: 5 | D84: ='Paste Run 3'!AZ6/1000 -> 100.421 | E84: ='Paste Run 3'!DM6/1000 -> 104.424 | F84: =E84-D84 -> 4.003 | G84: =(D84-D$76)+D$75 -> 79.977 | H84: =G84+F84 -> 83.98 | J84: ='Paste Run 3'!DK6/1000 -> 104.424 | K84: ='Paste Run 3'!DX6/1000 -> 106.943 | L84: =K84-J84 -> 2.519 | M84: =(J84-D$76)+D$75 -> 83.98 | N84: =M84+L84 -> 86.499 | P84: ='Paste Run 3'!DX6/1000 -> 106.943 | Q84: ='Paste Run 3'!DV6/1000 -> 111.312 | R84: =Q84-P84 -> 4.369 | S84: =(P84-D$76)+D$75 -> 86.499 | T84: =S84+R84 -> 90.868 | V84: ='Paste Run 3'!CJ6/1000 -> 111.413 | W84: ='Paste Run 3'!CH6/1000 -> 115.312 | X84: =W84-V84 -> 3.899 | Y84: ='Paste Run 3'!CD6/1000 -> 4 | Z84: =X84-Y84 -> -0.101 | AA84: =(V84-D$76)+D$75 -> 90.969 | AB84: =AA84+X84 -> 94.868
C85: 6 | D85: ='Paste Run 3'!AZ7/1000 -> 115.416 | E85: ='Paste Run 3'!DM7/1000 -> 119.419 | F85: =E85-D85 -> 4.003 | G85: =(D85-D$76)+D$75 -> 94.972 | H85: =G85+F85 -> 98.975 | J85: ='Paste Run 3'!DK7/1000 -> 119.419 | K85: ='Paste Run 3'!DX7/1000 -> 121.204 | L85: =K85-J85 -> 1.785 | M85: =(J85-D$76)+D$75 -> 98.975 | N85: =M85+L85 -> 100.76 | P85: ='Paste Run 3'!DX7/1000 -> 121.204 | Q85: ='Paste Run 3'!DV7/1000 -> 126.312 | R85: =Q85-P85 -> 5.108 | S85: =(P85-D$76)+D$75 -> 100.76 | T85: =S85+R85 -> 105.868 | V85: ='Paste Run 3'!CJ7/1000 -> 126.424 | W85: ='Paste Run 3'!CH7/1000 -> 128.312 | X85: =W85-V85 -> 1.888 | Y85: ='Paste Run 3'!CD7/1000 -> 2 | Z85: =X85-Y85 -> -0.112 | AA85: =(V85-D$76)+D$75 -> 105.98 | AB85: =AA85+X85 -> 107.868
C86: 7 | D86: ='Paste Run 3'!AZ8/1000 -> 128.426 | E86: ='Paste Run 3'!DM8/1000 -> 132.412 | F86: =E86-D86 -> 3.986 | G86: =(D86-D$76)+D$75 -> 107.982 | H86: =G86+F86 -> 111.968 | J86: ='Paste Run 3'!DK8/1000 -> 132.412 | K86: ='Paste Run 3'!DX8/1000 -> 135.248 | L86: =K86-J86 -> 2.836 | M86: =(J86-D$76)+D$75 -> 111.968 | N86: =M86+L86 -> 114.804 | P86: ='Paste Run 3'!DX8/1000 -> 135.248 | Q86: ='Paste Run 3'!DV8/1000 -> 139.312 | R86: =Q86-P86 -> 4.064 | S86: =(P86-D$76)+D$75 -> 114.804 | T86: =S86+R86 -> 118.868 | V86: ='Paste Run 3'!CJ8/1000 -> 139.417 | W86: ='Paste Run 3'!CH8/1000 -> 147.312 | X86: =W86-V86 -> 7.895 | Y86: ='Paste Run 3'!CD8/1000 -> 8 | Z86: =X86-Y86 -> -0.105 | AA86: =(V86-D$76)+D$75 -> 118.973 | AB86: =AA86+X86 -> 126.868
C87: 8 | D87: ='Paste Run 3'!AZ9/1000 -> 147.423 | E87: ='Paste Run 3'!DM9/1000 -> 151.426 | F87: =E87-D87 -> 4.003 | G87: =(D87-D$76)+D$75 -> 126.979 | H87: =G87+F87 -> 130.982 | J87: ='Paste Run 3'!DK9/1000 -> 151.426 | K87: ='Paste Run 3'!DX9/1000 -> 154.312 | L87: =K87-J87 -> 2.886 | M87: =(J87-D$76)+D$75 -> 130.982 | N87: =M87+L87 -> 133.868 | P87: ='Paste Run 3'!DX9/1000 -> 154.312 | Q87: ='Paste Run 3'!DV9/1000 -> 158.312 | R87: =Q87-P87 -> 4 | S87: =(P87-D$76)+D$75 -> 133.868 | T87: =S87+R87 -> 137.868 | V87: ='Paste Run 3'!CJ9/1000 -> 158.415 | W87: ='Paste Run 3'!CH9/1000 -> 166.312 | X87: =W87-V87 -> 7.897 | Y87: ='Paste Run 3'!CD9/1000 -> 8 | Z87: =X87-Y87 -> -0.103 | AA87: =(V87-D$76)+D$75 -> 137.971 | AB87: =AA87+X87 -> 145.868
C88: 9 | D88: ='Paste Run 3'!AZ10/1000 -> 166.421 | E88: ='Paste Run 3'!DM10/1000 -> 170.424 | F88: =E88-D88 -> 4.003 | G88: =(D88-D$76)+D$75 -> 145.977 | H88: =G88+F88 -> 149.98 | J88: ='Paste Run 3'!DK10/1000 -> 170.424 | K88: ='Paste Run 3'!DX10/1000 -> 172.759 | L88: =K88-J88 -> 2.335 | M88: =(J88-D$76)+D$75 -> 149.98 | N88: =M88+L88 -> 152.315 | P88: ='Paste Run 3'!DX10/1000 -> 172.759 | Q88: ='Paste Run 3'!DV10/1000 -> 177.312 | R88: =Q88-P88 -> 4.553 | S88: =(P88-D$76)+D$75 -> 152.315 | T88: =S88+R88 -> 156.868 | V88: ='Paste Run 3'!CJ10/1000 -> 177.413 | W88: ='Paste Run 3'!CH10/1000 -> 187.312 | X88: =W88-V88 -> 9.899 | Y88: ='Paste Run 3'!CD10/1000 -> 10 | Z88: =X88-Y88 -> -0.101 | AA88: =(V88-D$76)+D$75 -> 156.969 | AB88: =AA88+X88 -> 166.868
C89: 10 | D89: ='Paste Run 3'!AZ11/1000 -> 187.42 | E89: ='Paste Run 3'!DM11/1000 -> 191.423 | F89: =E89-D89 -> 4.003 | G89: =(D89-D$76)+D$75 -> 166.976 | H89: =G89+F89 -> 170.979 | J89: ='Paste Run 3'!DK11/1000 -> 191.423 | K89: ='Paste Run 3'!DX11/1000 -> 194.025 | L89: =K89-J89 -> 2.602 | M89: =(J89-D$76)+D$75 -> 170.979 | N89: =M89+L89 -> 173.581 | P89: ='Paste Run 3'!DX11/1000 -> 194.025 | Q89: ='Paste Run 3'!DV11/1000 -> 198.312 | R89: =Q89-P89 -> 4.287 | S89: =(P89-D$76)+D$75 -> 173.581 | T89: =S89+R89 -> 177.868 | V89: ='Paste Run 3'!CJ11/1000 -> 198.412 | W89: ='Paste Run 3'!CH11/1000 -> 202.312 | X89: =W89-V89 -> 3.9 | Y89: ='Paste Run 3'!CD11/1000 -> 4 | Z89: =X89-Y89 -> -0.1 | AA89: =(V89-D$76)+D$75 -> 177.968 | AB89: =AA89+X89 -> 181.868
C90: 11 | D90: ='Paste Run 3'!AZ12/1000 -> 202.415 | E90: ='Paste Run 3'!DM12/1000 -> 206.418 | F90: =E90-D90 -> 4.003 | G90: =(D90-D$76)+D$75 -> 181.971 | H90: =G90+F90 -> 185.974 | J90: ='Paste Run 3'!DK12/1000 -> 206.418 | K90: ='Paste Run 3'!DX12/1000 -> 208.903 | L90: =K90-J90 -> 2.485 | M90: =(J90-D$76)+D$75 -> 185.974 | N90: =M90+L90 -> 188.459 | P90: ='Paste Run 3'!DX12/1000 -> 208.903 | Q90: ='Paste Run 3'!DV12/1000 -> 213.312 | R90: =Q90-P90 -> 4.409 | S90: =(P90-D$76)+D$75 -> 188.459 | T90: =S90+R90 -> 192.868 | V90: ='Paste Run 3'!CJ12/1000 -> 213.423 | W90: ='Paste Run 3'!CH12/1000 -> 217.312 | X90: =W90-V90 -> 3.889 | Y90: ='Paste Run 3'!CD12/1000 -> 4 | Z90: =X90-Y90 -> -0.111 | AA90: =(V90-D$76)+D$75 -> 192.979 | AB90: =AA90+X90 -> 196.868
C91: 12 | D91: ='Paste Run 3'!AZ13/1000 -> 217.426 | E91: ='Paste Run 3'!DM13/1000 -> 221.412 | F91: =E91-D91 -> 3.986 | G91: =(D91-D$76)+D$75 -> 196.982 | H91: =G91+F91 -> 200.968 | J91: ='Paste Run 3'!DK13/1000 -> 221.412 | K91: ='Paste Run 3'!DX13/1000 -> 224.248 | L91: =K91-J91 -> 2.836 | M91: =(J91-D$76)+D$75 -> 200.968 | N91: =M91+L91 -> 203.804 | P91: ='Paste Run 3'!DX13/1000 -> 224.248 | Q91: ='Paste Run 3'!DV13/1000 -> 228.312 | R91: =Q91-P91 -> 4.064 | S91: =(P91-D$76)+D$75 -> 203.804 | T91: =S91+R91 -> 207.868 | V91: ='Paste Run 3'!CJ13/1000 -> 228.418 | W91: ='Paste Run 3'!CH13/1000 -> 230.312 | X91: =W91-V91 -> 1.894 | Y91: ='Paste Run 3'!CD13/1000 -> 2 | Z91: =X91-Y91 -> -0.106 | AA91: =(V91-D$76)+D$75 -> 207.974 | AB91: =AA91+X91 -> 209.868
... C109: 30 | D109: ='Paste Run 3'!AZ31/1000 -> 509.413 | E109: ='Paste Run 3'!DM31/1000 -> 513.416 | F109: =E109-D109 -> 4.003 | G109: =(D109-D$76)+D$75 -> 488.969 | H109: =G109+F109 -> 492.972 | J109: ='Paste Run 3'!DK31/1000 -> 513.416 | K109: ='Paste Run 3'!DX31/1000 -> 515.084 | L109: =K109-J109 -> 1.668 | M109: =(J109-D$76)+D$75 -> 492.972 | N109: =M109+L109 -> 494.64 | P109: ='Paste Run 3'!DX31/1000 -> 515.084 | Q109: ='Paste Run 3'!DV31/1000 -> 520.312 | R109: =Q109-P109 -> 5.228 | S109: =(P109-D$76)+D$75 -> 494.64 | T109: =S109+R109 -> 499.868 | V109: ='Paste Run 3'!CJ31/1000 -> 520.421 | W109: ='Paste Run 3'!CH31/1000 -> 524.312 | X109: =W109-V109 -> 3.891 | Y109: ='Paste Run 3'!CD31/1000 -> 4 | Z109: =X109-Y109 -> -0.109 | AA109: =(V109-D$76)+D$75 -> 499.977 | AB109: =AA109+X109 -> 503.868
K110: # > 7 SEC | L110: =COUNTIF(L80:L109,">7") -> 0

Sheet ChoiceCoding
B1: Run1 | I1: Run2 | P1: Run3
A2: price | B2: aptTrials | C2: Choice | D2: Max | E2: Original Rule | F2: Rule 2 (see comment) | H2: price | I2: aptTrials | J2: Choice | K2: Max | L2: Original Rule | M2: Rule 2 (see comment) | O2: price | P2: aptTrials | Q2: Choice | R2: Max | S2: Original Rule | T2: Rule 2 (see comment) | Y2: RT1 | Z2: RT2 | AA2: RT3 | AC2: Run1Type | AD2: Run2Type | AE2: Run3Type | AG2: ORIGINAL RULE: | AS2: RULE 2:
A3: 0.01 | B3: 1 | C3: ='Combined R1-R3'!G6 -> 7 | D3: =MAX(C$3:C$29) -> 9 | E3: =IF(C3<>"?",IF(C3=D3,"Approach",IF(C3<>0,"Ambivalent","Avoid")),"Missing") -> Ambivalent | F3: =IF(C3<>"?",IF(OR(C3=D3,C3=D3-1),"Approach",IF(C3<>0,"Ambivalent","Avoid")),"Missing") -> Ambivalent | H3: 0.03 | I3: 1 | J3: ='Combined R1-R3'!K6 -> 8 | K3: =MAX(J$3:J$29) -> 9 | L3: =IF(J3<>"?",IF(J3=K3,"Approach",IF(J3<>0,"Ambivalent","Avoid")),"Missing") -> Ambivalent | M3: =IF(J3<>"?",IF(OR(J3=K3,J3=K3-1),"Approach",IF(J3<>0,"Ambivalent","Avoid")),"Missing") -> Approach | O3: 0 | P3: 1 | Q3: ='Combined R1-R3'!O6 -> 9 | R3: =MAX(Q$3:Q$29) -> 9 | S3: =IF(Q3<>"?",IF(Q3=R3,"Approach",IF(Q3<>0,"Ambivalent","Avoid")),"Missing") -> Approach | T3: =IF(Q3<>"?",IF(OR(Q3=R3,Q3=R3-1),"Approach",IF(Q3<>0,"Ambivalent","Avoid")),"Missing") -> Approach | Y3: =ResponseTimes!E3 -> 4760 | Z3: =ResponseTimes!N3 -> 2818 | AA3: =ResponseTimes!W3 -> 2670 | AC3: =E3 -> Ambivalent | AD3: =L3 -> Ambivalent | AE3: =S3 -> Approach | AG3: EXTRACT APPROACH | AK3: EXTRACT AMBIVALENT | AO3: EXTRACT AVOID | AS3: EXTRACT APPROACH | AW3: EXTRACT AMBIVALENT | BA3: EXTRACT AVOID
A4: 5 | B4: 2 | C4: ='Combined R1-R3'!G7 -> 5 | D4: =MAX(C$3:C$29) -> 9 | E4: =IF(C4<>"?",IF(C4=D4,"Approach",IF(C4<>0,"Ambivalent","Avoid")),"Missing") -> Ambivalent | F4: =IF(C4<>"?",IF(OR(C4=D4,C4=D4-1),"Approach",IF(C4<>0,"Ambivalent","Avoid")),"Missing") -> Ambivalent | H4: 5 | I4: 2 | J4: ='Combined R1-R3'!K7 -> 7 | K4: =MAX(J$3:J$29) -> 9 | L4: =IF(J4<>"?",IF(J4=K4,"Approach",IF(J4<>0,"Ambivalent","Avoid")),"Missing") -> Ambivalent | M4: =IF(J4<>"?",IF(OR(J4=K4,J4=K4-1),"Approach",IF(J4<>0,"Ambivalent","Avoid")),"Missing") -> Ambivalent | O4: 7 | P4: 2 | Q4: ='Combined R1-R3'!O7 -> 5 | R4: =MAX(Q$3:Q$29) -> 9 | S4: =IF(Q4<>"?",IF(Q4=R4,"Approach",IF(Q4<>0,"Ambivalent","Avoid")),"Missing") -> Ambivalent | T4: =IF(Q4<>"?",IF(OR(Q4=R4,Q4=R4-1),"Approach",IF(Q4<>0,"Ambivalent","Avoid")),"Missing") -> Ambivalent | Y4: =ResponseTimes!E4 -> 3682 | Z4: =ResponseTimes!N4 -> 2300 | AA4: =ResponseTimes!W4 -> 1105 | AC4: =E4 -> Ambivalent | AD4: =L4 -> Ambivalent | AE4: =S4 -> Ambivalent | AG4: RT1 | AH4: RT2 | AI4: RT3 | AK4: RT1 | AL4: RT2 | AM4: RT3 | AO4: RT1 | AP4: RT2 | AQ4: RT3 | AS4: RT1 | AT4: RT2 | AU4: RT3 | AW4: RT1 | AX4: RT2 | AY4: RT3 | BA4: RT1 | BB4: RT2 | BC4: RT3
A5: 50 | B5: 3 | C5: ='Combined R1-R3'!G8 -> 0 | D5: =MAX(C$3:C$29) -> 9 | E5: =IF(C5<>"?",IF(C5=D5,"Approach",IF(C5<>0,"Ambivalent","Avoid")),"Missing") -> Avoid | F5: =IF(C5<>"?",IF(OR(C5=D5,C5=D5-1),"Approach",IF(C5<>0,"Ambivalent","Avoid")),"Missing") -> Avoid | H5: 80 | I5: 3 | J5: ='Combined R1-R3'!K8 -> 0 | K5: =MAX(J$3:J$29) -> 9 | L5: =IF(J5<>"?",IF(J5=K5,"Approach",IF(J5<>0,"Ambivalent","Avoid")),"Missing") -> Avoid | M5: =IF(J5<>"?",IF(OR(J5=K5,J5=K5-1),"Approach",IF(J5<>0,"Ambivalent","Avoid")),"Missing") -> Avoid | O5: 60 | P5: 3 | Q5: ='Combined R1-R3'!O8 -> 0 | R5: =MAX(Q$3:Q$29) -> 9 | S5: =IF(Q5<>"?",IF(Q5=R5,"Approach",IF(Q5<>0,"Ambivalent","Avoid")),"Missing") -> Avoid | T5: =IF(Q5<>"?",IF(OR(Q5=R5,Q5=R5-1),"Approach",IF(Q5<>0,"Ambivalent","Avoid")),"Missing") -> Avoid | Y5: =ResponseTimes!E5 -> 3816 | Z5: =ResponseTimes!N5 -> 2515 | AA5: =ResponseTimes!W5 -> 2222 | AC5: =E5 -> Avoid | AD5: =L5 -> Avoid | AE5: =S5 -> Avoid | AG5: =IF(AC3="approach",Y3,"") | AH5: =IF(AD3="approach",Z3,"") | AI5: =IF(AE3="approach",AA3,"") -> 2670 | AK5: =IF(AC3="Ambivalent",Y3,"") -> 4760 | AL5: =IF(AD3="ambivalent",Z3,"") -> 2818 | AM5: =IF(AE3="ambivalent",AA3,"") | AO5: =IF(AC3="avoid",Y3,"") | AP5: =IF(AD3="avoid",Z3,"") | AQ5: =IF(AE3="avoid",AA3,"") | AS5: =IF(AC36="approach",Y36,"") | AT5: =IF(AD36="approach",Z36,"") -> 2818 | AU5: =IF(AE36="approach",AA36,"") -> 2670 | AW5: =IF(AC36="Ambivalent",Y36,"") -> 4760 | AX5: =IF(AD36="Ambivalent",Z36,"") | AY5: =IF(AE36="ambivalent",AA36,"") | BA5: =IF(AC36="Avoid",Y36,"") | BB5: =IF(AD36="Avoid",Z36,"") | BC5: =IF(AE36="Avoid",AA36,"")
A6: 0 | B6: 4 | C6: ='Combined R1-R3'!G9 -> 8 | D6: =MAX(C$3:C$29) -> 9 | E6: =IF(C6<>"?",IF(C6=D6,"Approach",IF(C6<>0,"Ambivalent","Avoid")),"Missing") -> Ambivalent | F6: =IF(C6<>"?",IF(OR(C6=D6,C6=D6-1),"Approach",IF(C6<>0,"Ambivalent","Avoid")),"Missing") -> Approach | H6: 0.01 | I6: 4 | J6: ='Combined R1-R3'!K9 -> 8 | K6: =MAX(J$3:J$29) -> 9 | L6: =IF(J6<>"?",IF(J6=K6,"Approach",IF(J6<>0,"Ambivalent","Avoid")),"Missing") -> Ambivalent | M6: =IF(J6<>"?",IF(OR(J6=K6,J6=K6-1),"Approach",IF(J6<>0,"Ambivalent","Avoid")),"Missing") -> Approach | O6: 0.02 | P6: 4 | Q6: ='Combined R1-R3'!O9 -> 8 | R6: =MAX(Q$3:Q$29) -> 9 | S6: =IF(Q6<>"?",IF(Q6=R6,"Approach",IF(Q6<>0,"Ambivalent","Avoid")),"Missing") -> Ambivalent | T6: =IF(Q6<>"?",IF(OR(Q6=R6,Q6=R6-1),"Approach",IF(Q6<>0,"Ambivalent","Avoid")),"Missing") -> Approach | Y6: =ResponseTimes!E6 -> 2528 | Z6: =ResponseTimes!N6 -> 2531 | AA6: =ResponseTimes!W6 -> 1912 | AC6: =E6 -> Ambivalent | AD6: =L6 -> Ambivalent | AE6: =S6 -> Ambivalent | AG6: =IF(AC4="approach",Y4,"") | AH6: =IF(AD4="approach",Z4,"") | AI6: =IF(AE4="approach",AA4,"") | AK6: =IF(AC4="Ambivalent",Y4,"") -> 3682 | AL6: =IF(AD4="ambivalent",Z4,"") -> 2300 | AM6: =IF(AE4="ambivalent",AA4,"") -> 1105 | AO6: =IF(AC4="avoid",Y4,"") | AP6: =IF(AD4="avoid",Z4,"") | AQ6: =IF(AE4="avoid",AA4,"") | AS6: =IF(AC37="approach",Y37,"") | AT6: =IF(AD37="approach",Z37,"") | AU6: =IF(AE37="approach",AA37,"") | AW6: =IF(AC37="Ambivalent",Y37,"") -> 3682 | AX6: =IF(AD37="Ambivalent",Z37,"") -> 2300 | AY6: =IF(AE37="ambivalent",AA37,"") -> 1105 | BA6: =IF(AC37="Avoid",Y37,"") | BB6: =IF(AD37="Avoid",Z37,"") | BC6: =IF(AE37="Avoid",AA37,"")
A7: 15 | B7: 5 | C7: ='Combined R1-R3'!G10 -> 2 | D7: =MAX(C$3:C$29) -> 9 | E7: =IF(C7<>"?",IF(C7=D7,"Approach",IF(C7<>0,"Ambivalent","Avoid")),"Missing") -> Ambivalent | F7: =IF(C7<>"?",IF(OR(C7=D7,C7=D7-1),"Approach",IF(C7<>0,"Ambivalent","Avoid")),"Missing") -> Ambivalent | H7: 7 | I7: 5 | J7: ='Combined R1-R3'!K10 -> 5 | K7: =MAX(J$3:J$29) -> 9 | L7: =IF(J7<>"?",IF(J7=K7,"Approach",IF(J7<>0,"Ambivalent","Avoid")),"Missing") -> Ambivalent | M7: =IF(J7<>"?",IF(OR(J7=K7,J7=K7-1),"Approach",IF(J7<>0,"Ambivalent","Avoid")),"Missing") -> Ambivalent | O7: 15 | P7: 5 | Q7: ='Combined R1-R3'!O10 -> 3 | R7: =MAX(Q$3:Q$29) -> 9 | S7: =IF(Q7<>"?",IF(Q7=R7,"Approach",IF(Q7<>0,"Ambivalent","Avoid")),"Missing") -> Ambivalent | T7: =IF(Q7<>"?",IF(OR(Q7=R7,Q7=R7-1),"Approach",IF(Q7<>0,"Ambivalent","Avoid")),"Missing") -> Ambivalent | Y7: =ResponseTimes!E7 -> 4877 | Z7: =ResponseTimes!N7 -> 1615 | AA7: =ResponseTimes!W7 -> 2459 | AC7: =E7 -> Ambivalent | AD7: =L7 -> Ambivalent | AE7: =S7 -> Ambivalent | AG7: =IF(AC5="approach",Y5,"") | AH7: =IF(AD5="approach",Z5,"") | AI7: =IF(AE5="approach",AA5,"") | AK7: =IF(AC5="Ambivalent",Y5,"") | AL7: =IF(AD5="ambivalent",Z5,"") | AM7: =IF(AE5="ambivalent",AA5,"") | AO7: =IF(AC5="avoid",Y5,"") -> 3816 | AP7: =IF(AD5="avoid",Z5,"") -> 2515 | AQ7: =IF(AE5="avoid",AA5,"") -> 2222 | AS7: =IF(AC38="approach",Y38,"") | AT7: =IF(AD38="approach",Z38,"") | AU7: =IF(AE38="approach",AA38,"") | AW7: =IF(AC38="Ambivalent",Y38,"") | AX7: =IF(AD38="Ambivalent",Z38,"") | AY7: =IF(AE38="ambivalent",AA38,"") | BA7: =IF(AC38="Avoid",Y38,"") -> 3816 | BB7: =IF(AD38="Avoid",Z38,"") -> 2515 | BC7: =IF(AE38="Avoid",AA38,"") -> 2222
A8: 0.05 | B8: 6 | C8: ='Combined R1-R3'!G11 -> 8 | D8: =MAX(C$3:C$29) -> 9 | E8: =IF(C8<>"?",IF(C8=D8,"Approach",IF(C8<>0,"Ambivalent","Avoid")),"Missing") -> Ambivalent | F8: =IF(C8<>"?",IF(OR(C8=D8,C8=D8-1),"Approach",IF(C8<>0,"Ambivalent","Avoid")),"Missing") -> Approach | H8: 0.04 | I8: 6 | J8: ='Combined R1-R3'!K11 -> 8 | K8: =MAX(J$3:J$29) -> 9 | L8: =IF(J8<>"?",IF(J8=K8,"Approach",IF(J8<>0,"Ambivalent","Avoid")),"Missing") -> Ambivalent | M8: =IF(J8<>"?",IF(OR(J8=K8,J8=K8-1),"Approach",IF(J8<>0,"Ambivalent","Avoid")),"Missing") -> Approach | O8: 0.03 | P8: 6 | Q8: ='Combined R1-R3'!O11 -> 8 | R8: =MAX(Q$3:Q$29) -> 9 | S8: =IF(Q8<>"?",IF(Q8=R8,"Approach",IF(Q8<>0,"Ambivalent","Avoid")),"Missing") -> Ambivalent | T8: =IF(Q8<>"?",IF(OR(Q8=R8,Q8=R8-1),"Approach",IF(Q8<>0,"Ambivalent","Avoid")),"Missing") -> Approach | Y8: =ResponseTimes!E8 -> 3656 | Z8: =ResponseTimes!N8 -> 1819 | AA8: =ResponseTimes!W8 -> 1727 | AC8: =E8 -> Ambivalent | AD8: =L8 -> Ambivalent | AE8: =S8 -> Ambivalent | AG8: =IF(AC6="approach",Y6,"") | AH8: =IF(AD6="approach",Z6,"") | AI8: =IF(AE6="approach",AA6,"") | AK8: =IF(AC6="Ambivalent",Y6,"") -> 2528 | AL8: =IF(AD6="ambivalent",Z6,"") -> 2531 | AM8: =IF(AE6="ambivalent",AA6,"") -> 1912 | AO8: =IF(AC6="avoid",Y6,"") | AP8: =IF(AD6="avoid",Z6,"") | AQ8: =IF(AE6="avoid",AA6,"") | AS8: =IF(AC39="approach",Y39,"") -> 2528 | AT8: =IF(AD39="approach",Z39,"") -> 2531 | AU8: =IF(AE39="approach",AA39,"") -> 1912 | AW8: =IF(AC39="Ambivalent",Y39,"") | AX8: =IF(AD39="Ambivalent",Z39,"") | AY8: =IF(AE39="ambivalent",AA39,"") | BA8: =IF(AC39="Avoid",Y39,"") | BB8: =IF(AD39="Avoid",Z39,"") | BC8: =IF(AE39="Avoid",AA39,"")
A9: 40 | B9: 7 | C9: ='Combined R1-R3'!G12 -> 0 | D9: =MAX(C$3:C$29) -> 9 | E9: =IF(C9<>"?",IF(C9=D9,"Approach",IF(C9<>0,"Ambivalent","Avoid")),"Missing") -> Avoid | F9: =IF(C9<>"?",IF(OR(C9=D9,C9=D9-1),"Approach",IF(C9<>0,"Ambivalent","Avoid")),"Missing") -> Avoid | H9: 50 | I9: 7 | J9: ='Combined R1-R3'!K12 -> 0 | K9: =MAX(J$3:J$29) -> 9 | L9: =IF(J9<>"?",IF(J9=K9,"Approach",IF(J9<>0,"Ambivalent","Avoid")),"Missing") -> Avoid | M9: =IF(J9<>"?",IF(OR(J9=K9,J9=K9-1),"Approach",IF(J9<>0,"Ambivalent","Avoid")),"Missing") -> Avoid | O9: 0 | P9: 7 | Q9: ='Combined R1-R3'!O12 -> 9 | R9: =MAX(Q$3:Q$29) -> 9 | S9: =IF(Q9<>"?",IF(Q9=R9,"Approach",IF(Q9<>0,"Ambivalent","Avoid")),"Missing") -> Approach | T9: =IF(Q9<>"?",IF(OR(Q9=R9,Q9=R9-1),"Approach",IF(Q9<>0,"Ambivalent","Avoid")),"Missing") -> Approach | Y9: =ResponseTimes!E9 -> 3614 | Z9: =ResponseTimes!N9 -> 3889 | AA9: =ResponseTimes!W9 -> 2781 | AC9: =E9 -> Avoid | AD9: =L9 -> Avoid | AE9: =S9 -> Approach | AG9: =IF(AC7="approach",Y7,"") | AH9: =IF(AD7="approach",Z7,"") | AI9: =IF(AE7="approach",AA7,"") | AK9: =IF(AC7="Ambivalent",Y7,"") -> 4877 | AL9: =IF(AD7="ambivalent",Z7,"") -> 1615 | AM9: =IF(AE7="ambivalent",AA7,"") -> 2459 | AO9: =IF(AC7="avoid",Y7,"") | AP9: =IF(AD7="avoid",Z7,"") | AQ9: =IF(AE7="avoid",AA7,"") | AS9: =IF(AC40="approach",Y40,"") | AT9: =IF(AD40="approach",Z40,"") | AU9: =IF(AE40="approach",AA40,"") | AW9: =IF(AC40="Ambivalent",Y40,"") -> 4877 | AX9: =IF(AD40="Ambivalent",Z40,"") -> 1615 | AY9: =IF(AE40="ambivalent",AA40,"") -> 2459 | BA9: =IF(AC40="Avoid",Y40,"") | BB9: =IF(AD40="Avoid",Z40,"") | BC9: =IF(AE40="Avoid",AA40,"")
A10: 13 | B10: 8 | C10: ='Combined R1-R3'!G13 -> 3 | D10: =MAX(C$3:C$29) -> 9 | E10: =IF(C10<>"?",IF(C10=D10,"Approach",IF(C10<>0,"Ambivalent","Avoid")),"Missing") -> Ambivalent | F10: =IF(C10<>"?",IF(OR(C10=D10,C10=D10-1),"Approach",IF(C10<>0,"Ambivalent","Avoid")),"Missing") -> Ambivalent | H10: 15 | I10: 8 | J10: ='Combined R1-R3'!K13 -> 3 | K10: =MAX(J$3:J$29) -> 9 | L10: =IF(J10<>"?",IF(J10=K10,"Approach",IF(J10<>0,"Ambivalent","Avoid")),"Missing") -> Ambivalent | M10: =IF(J10<>"?",IF(OR(J10=K10,J10=K10-1),"Approach",IF(J10<>0,"Ambivalent","Avoid")),"Missing") -> Ambivalent | O10: 11 | P10: 8 | Q10: ='Combined R1-R3'!O13 -> 4 | R10: =MAX(Q$3:Q$29) -> 9 | S10: =IF(Q10<>"?",IF(Q10=R10,"Approach",IF(Q10<>0,"Ambivalent","Avoid")),"Missing") -> Ambivalent | T10: =IF(Q10<>"?",IF(OR(Q10=R10,Q10=R10-1),"Approach",IF(Q10<>0,"Ambivalent","Avoid")),"Missing") -> Ambivalent | Y10: =ResponseTimes!E10 -> 2927 | Z10: =ResponseTimes!N10 -> 2041 | AA10: =ResponseTimes!W10 -> 2838 | AC10: =E10 -> Ambivalent | AD10: =L10 -> Ambivalent | AE10: =S10 -> Ambivalent | AG10: =IF(AC8="approach",Y8,"") | AH10: =IF(AD8="approach",Z8,"") | AI10: =IF(AE8="approach",AA8,"") | AK10: =IF(AC8="Ambivalent",Y8,"") -> 3656 | AL10: =IF(AD8="ambivalent",Z8,"") -> 1819 | AM10: =IF(AE8="ambivalent",AA8,"") -> 1727 | AO10: =IF(AC8="avoid",Y8,"") | AP10: =IF(AD8="avoid",Z8,"") | AQ10: =IF(AE8="avoid",AA8,"") | AS10: =IF(AC41="approach",Y41,"") -> 3656 | AT10: =IF(AD41="approach",Z41,"") -> 1819 | AU10: =IF(AE41="approach",AA41,"") -> 1727 | AW10: =IF(AC41="Ambivalent",Y41,"") | AX10: =IF(AD41="Ambivalent",Z41,"") | AY10: =IF(AE41="ambivalent",AA41,"") | BA10: =IF(AC41="Avoid",Y41,"") | BB10: =IF(AD41="Avoid",Z41,"") | BC10: =IF(AE41="Avoid",AA41,"")
A11: 80 | B11: 9 | C11: ='Combined R1-R3'!G14 -> 0 | D11: =MAX(C$3:C$29) -> 9 | E11: =IF(C11<>"?",IF(C11=D11,"Approach",IF(C11<>0,"Ambivalent","Avoid")),"Missing") -> Avoid | F11: =IF(C11<>"?",IF(OR(C11=D11,C11=D11-1),"Approach",IF(C11<>0,"Ambivalent","Avoid")),"Missing") -> Avoid | H11: 50 | I11: 9 | J11: ='Combined R1-R3'!K14 -> 0 | K11: =MAX(J$3:J$29) -> 9 | L11: =IF(J11<>"?",IF(J11=K11,"Approach",IF(J11<>0,"Ambivalent","Avoid")),"Missing") -> Avoid | M11: =IF(J11<>"?",IF(OR(J11=K11,J11=K11-1),"Approach",IF(J11<>0,"Ambivalent","Avoid")),"Missing") -> Avoid | O11: 70 | P11: 9 | Q11: ='Combined R1-R3'!O14 -> 0 | R11: =MAX(Q$3:Q$29) -> 9 | S11: =IF(Q11<>"?",IF(Q11=R11,"Approach",IF(Q11<>0,"Ambivalent","Avoid")),"Missing") -> Avoid | T11: =IF(Q11<>"?",IF(OR(Q11=R11,Q11=R11-1),"Approach",IF(Q11<>0,"Ambivalent","Avoid")),"Missing") -> Avoid | Y11: =ResponseTimes!E11 -> 3312 | Z11: =ResponseTimes!N11 -> 2283 | AA11: =ResponseTimes!W11 -> 2286 | AC11: =E11 -> Avoid | AD11: =L11 -> Avoid | AE11: =S11 -> Avoid | AG11: =IF(AC9="approach",Y9,"") | AH11: =IF(AD9="approach",Z9,"") | AI11: =IF(AE9="approach",AA9,"") -> 2781 | AK11: =IF(AC9="Ambivalent",Y9,"") | AL11: =IF(AD9="ambivalent",Z9,"") | AM11: =IF(AE9="ambivalent",AA9,"") | AO11: =IF(AC9="avoid",Y9,"") -> 3614 | AP11: =IF(AD9="avoid",Z9,"") -> 3889 | AQ11: =IF(AE9="avoid",AA9,"") | AS11: =IF(AC42="approach",Y42,"") | AT11: =IF(AD42="approach",Z42,"") | AU11: =IF(AE42="approach",AA42,"") -> 2781 | AW11: =IF(AC42="Ambivalent",Y42,"") | AX11: =IF(AD42="Ambivalent",Z42,"") | AY11: =IF(AE42="ambivalent",AA42,"") | BA11: =IF(AC42="Avoid",Y42,"") -> 3614 | BB11: =IF(AD42="Avoid",Z42,"") -> 3889 | BC11: =IF(AE42="Avoid",AA42,"")
A12: 0.01 | B12: 10 | C12: ='Combined R1-R3'!G15 -> 8 | D12: =MAX(C$3:C$29) -> 9 | E12: =IF(C12<>"?",IF(C12=D12,"Approach",IF(C12<>0,"Ambivalent","Avoid")),"Missing") -> Ambivalent | F12: =IF(C12<>"?",IF(OR(C12=D12,C12=D12-1),"Approach",IF(C12<>0,"Ambivalent","Avoid")),"Missing") -> Approach | H12: 0.04 | I12: 10 | J12: ='Combined R1-R3'!K15 -> 8 | K12: =MAX(J$3:J$29) -> 9 | L12: =IF(J12<>"?",IF(J12=K12,"Approach",IF(J12<>0,"Ambivalent","Avoid")),"Missing") -> Ambivalent | M12: =IF(J12<>"?",IF(OR(J12=K12,J12=K12-1),"Approach",IF(J12<>0,"Ambivalent","Avoid")),"Missing") -> Approach | O12: 0.04 | P12: 10 | Q12: ='Combined R1-R3'!O15 -> 8 | R12: =MAX(Q$3:Q$29) -> 9 | S12: =IF(Q12<>"?",IF(Q12=R12,"Approach",IF(Q12<>0,"Ambivalent","Avoid")),"Missing") -> Ambivalent | T12: =IF(Q12<>"?",IF(OR(Q12=R12,Q12=R12-1),"Approach",IF(Q12<>0,"Ambivalent","Avoid")),"Missing") -> Approach | Y12: =ResponseTimes!E12 -> 2336 | Z12: =ResponseTimes!N12 -> 1778 | AA12: =ResponseTimes!W12 -> 2558 | AC12: =E12 -> Ambivalent | AD12: =L12 -> Ambivalent | AE12: =S12 -> Ambivalent | AG12: =IF(AC10="approach",Y10,"") | AH12: =IF(AD10="approach",Z10,"") | AI12: =IF(AE10="approach",AA10,"") | AK12: =IF(AC10="Ambivalent",Y10,"") -> 2927 | AL12: =IF(AD10="ambivalent",Z10,"") -> 2041 | AM12: =IF(AE10="ambivalent",AA10,"") -> 2838 | AO12: =IF(AC10="avoid",Y10,"") | AP12: =IF(AD10="avoid",Z10,"") | AQ12: =IF(AE10="avoid",AA10,"") | AS12: =IF(AC43="approach",Y43,"") | AT12: =IF(AD43="approach",Z43,"") | AU12: =IF(AE43="approach",AA43,"") | AW12: =IF(AC43="Ambivalent",Y43,"") -> 2927 | AX12: =IF(AD43="Ambivalent",Z43,"") -> 2041 | AY12: =IF(AE43="ambivalent",AA43,"") -> 2838 | BA12: =IF(AC43="Avoid",Y43,"") | BB12: =IF(AD43="Avoid",Z43,"") | BC12: =IF(AE43="Avoid",AA43,"")
A13: 30 | B13: 11 | C13: ='Combined R1-R3'!G16 -> 0 | D13: =MAX(C$3:C$29) -> 9 | E13: =IF(C13<>"?",IF(C13=D13,"Approach",IF(C13<>0,"Ambivalent","Avoid")),"Missing") -> Avoid | F13: =IF(C13<>"?",IF(OR(C13=D13,C13=D13-1),"Approach",IF(C13<>0,"Ambivalent","Avoid")),"Missing") -> Avoid | H13: 30 | I13: 11 | J13: ='Combined R1-R3'!K16 -> 0 | K13: =MAX(J$3:J$29) -> 9 | L13: =IF(J13<>"?",IF(J13=K13,"Approach",IF(J13<>0,"Ambivalent","Avoid")),"Missing") -> Avoid | M13: =IF(J13<>"?",IF(OR(J13=K13,J13=K13-1),"Approach",IF(J13<>0,"Ambivalent","Avoid")),"Missing") -> Avoid | O13: 60 | P13: 11 | Q13: ='Combined R1-R3'!O16 -> 0 | R13: =MAX(Q$3:Q$29) -> 9 | S13: =IF(Q13<>"?",IF(Q13=R13,"Approach",IF(Q13<>0,"Ambivalent","Avoid")),"Missing") -> Avoid | T13: =IF(Q13<>"?",IF(OR(Q13=R13,Q13=R13-1),"Approach",IF(Q13<>0,"Ambivalent","Avoid")),"Missing") -> Avoid | Y13: =ResponseTimes!E13 -> 3482 | Z13: =ResponseTimes!N13 -> 2237 | AA13: =ResponseTimes!W13 -> 2442 | AC13: =E13 -> Avoid | AD13: =L13 -> Avoid | AE13: =S13 -> Avoid | AG13: =IF(AC11="approach",Y11,"") | AH13: =IF(AD11="approach",Z11,"") | AI13: =IF(AE11="approach",AA11,"") | AK13: =IF(AC11="Ambivalent",Y11,"") | AL13: =IF(AD11="ambivalent",Z11,"") | AM13: =IF(AE11="ambivalent",AA11,"") | AO13: =IF(AC11="avoid",Y11,"") -> 3312 | AP13: =IF(AD11="avoid",Z11,"") -> 2283 | AQ13: =IF(AE11="avoid",AA11,"") -> 2286 | AS13: =IF(AC44="approach",Y44,"") | AT13: =IF(AD44="approach",Z44,"") | AU13: =IF(AE44="approach",AA44,"") | AW13: =IF(AC44="Ambivalent",Y44,"") | AX13: =IF(AD44="Ambivalent",Z44,"") | AY13: =IF(AE44="ambivalent",AA44,"") | BA13: =IF(AC44="Avoid",Y44,"") -> 3312 | BB13: =IF(AD44="Avoid",Z44,"") -> 2283 | BC13: =IF(AE44="Avoid",AA44,"") -> 2286
A14: 0.02 | B14: 12 | C14: ='Combined R1-R3'!G17 -> 8 | D14: =MAX(C$3:C$29) -> 9 | E14: =IF(C14<>"?",IF(C14=D14,"Approach",IF(C14<>0,"Ambivalent","Avoid")),"Missing") -> Ambivalent | F14: =IF(C14<>"?",IF(OR(C14=D14,C14=D14-1),"Approach",IF(C14<>0,"Ambivalent","Avoid")),"Missing") -> Approach | H14: 0.01 | I14: 12 | J14: ='Combined R1-R3'!K17 -> 8 | K14: =MAX(J$3:J$29) -> 9 | L14: =IF(J14<>"?",IF(J14=K14,"Approach",IF(J14<>0,"Ambivalent","Avoid")),"Missing") -> Ambivalent | M14: =IF(J14<>"?",IF(OR(J14=K14,J14=K14-1),"Approach",IF(J14<>0,"Ambivalent","Avoid")),"Missing") -> Approach | O14: 0 | P14: 12 | Q14: ='Combined R1-R3'!O17 -> 9 | R14: =MAX(Q$3:Q$29) -> 9 | S14: =IF(Q14<>"?",IF(Q14=R14,"Approach",IF(Q14<>0,"Ambivalent","Avoid")),"Missing") -> Approach | T14: =IF(Q14<>"?",IF(OR(Q14=R14,Q14=R14-1),"Approach",IF(Q14<>0,"Ambivalent","Avoid")),"Missing") -> Approach | Y14: =ResponseTimes!E14 -> 2231 | Z14: =ResponseTimes!N14 -> 1826 | AA14: =ResponseTimes!W14 -> 2782 | AC14: =E14 -> Ambivalent | AD14: =L14 -> Ambivalent | AE14: =S14 -> Approach | AG14: =IF(AC12="approach",Y12,"") | AH14: =IF(AD12="approach",Z12,"") | AI14: =IF(AE12="approach",AA12,"") | AK14: =IF(AC12="Ambivalent",Y12,"") -> 2336 | AL14: =IF(AD12="ambivalent",Z12,"") -> 1778 | AM14: =IF(AE12="ambivalent",AA12,"") -> 2558 | AO14: =IF(AC12="avoid",Y12,"") | AP14: =IF(AD12="avoid",Z12,"") | AQ14: =IF(AE12="avoid",AA12,"") | AS14: =IF(AC45="approach",Y45,"") -> 2336 | AT14: =IF(AD45="approach",Z45,"") -> 1778 | AU14: =IF(AE45="approach",AA45,"") -> 2558 | AW14: =IF(AC45="Ambivalent",Y45,"") | AX14: =IF(AD45="Ambivalent",Z45,"") | AY14: =IF(AE45="ambivalent",AA45,"") | BA14: =IF(AC45="Avoid",Y45,"") | BB14: =IF(AD45="Avoid",Z45,"") | BC14: =IF(AE45="Avoid",AA45,"")
A15: 9 | B15: 13 | C15: ='Combined R1-R3'!G18 -> 4 | D15: =MAX(C$3:C$29) -> 9 | E15: =IF(C15<>"?",IF(C15=D15,"Approach",IF(C15<>0,"Ambivalent","Avoid")),"Missing") -> Ambivalent | F15: =IF(C15<>"?",IF(OR(C15=D15,C15=D15-1),"Approach",IF(C15<>0,"Ambivalent","Avoid")),"Missing") -> Ambivalent | H15: 13 | I15: 13 | J15: ='Combined R1-R3'!K18 -> 4 | K15: =MAX(J$3:J$29) -> 9 | L15: =IF(J15<>"?",IF(J15=K15,"Approach",IF(J15<>0,"Ambivalent","Avoid")),"Missing") -> Ambivalent | M15: =IF(J15<>"?",IF(OR(J15=K15,J15=K15-1),"Approach",IF(J15<>0,"Ambivalent","Avoid")),"Missing") -> Ambivalent | O15: 5 | P15: 13 | Q15: ='Combined R1-R3'!O18 -> 7 | R15: =MAX(Q$3:Q$29) -> 9 | S15: =IF(Q15<>"?",IF(Q15=R15,"Approach",IF(Q15<>0,"Ambivalent","Avoid")),"Missing") -> Ambivalent | T15: =IF(Q15<>"?",IF(OR(Q15=R15,Q15=R15-1),"Approach",IF(Q15<>0,"Ambivalent","Avoid")),"Missing") -> Ambivalent | Y15: =ResponseTimes!E15 -> 3261 | Z15: =ResponseTimes!N15 -> 3696 | AA15: =ResponseTimes!W15 -> 1707 | AC15: =E15 -> Ambivalent | AD15: =L15 -> Ambivalent | AE15: =S15 -> Ambivalent | AG15: =IF(AC13="approach",Y13,"") | AH15: =IF(AD13="approach",Z13,"") | AI15: =IF(AE13="approach",AA13,"") | AK15: =IF(AC13="Ambivalent",Y13,"") | AL15: =IF(AD13="ambivalent",Z13,"") | AM15: =IF(AE13="ambivalent",AA13,"") | AO15: =IF(AC13="avoid",Y13,"") -> 3482 | AP15: =IF(AD13="avoid",Z13,"") -> 2237 | AQ15: =IF(AE13="avoid",AA13,"") -> 2442 | AS15: =IF(AC46="approach",Y46,"") | AT15: =IF(AD46="approach",Z46,"") | AU15: =IF(AE46="approach",AA46,"") | AW15: =IF(AC46="Ambivalent",Y46,"") | AX15: =IF(AD46="Ambivalent",Z46,"") | AY15: =IF(AE46="ambivalent",AA46,"") | BA15: =IF(AC46="Avoid",Y46,"") -> 3482 | BB15: =IF(AD46="Avoid",Z46,"") -> 2237 | BC15: =IF(AE46="Avoid",AA46,"") -> 2442
A16: 0.05 | B16: 14 | C16: ='Combined R1-R3'!G19 -> 8 | D16: =MAX(C$3:C$29) -> 9 | E16: =IF(C16<>"?",IF(C16=D16,"Approach",IF(C16<>0,"Ambivalent","Avoid")),"Missing") -> Ambivalent | F16: =IF(C16<>"?",IF(OR(C16=D16,C16=D16-1),"Approach",IF(C16<>0,"Ambivalent","Avoid")),"Missing") -> Approach | H16: 0.02 | I16: 14 | J16: ='Combined R1-R3'!K19 -> 8 | K16: =MAX(J$3:J$29) -> 9 | L16: =IF(J16<>"?",IF(J16=K16,"Approach",IF(J16<>0,"Ambivalent","Avoid")),"Missing") -> Ambivalent | M16: =IF(J16<>"?",IF(OR(J16=K16,J16=K16-1),"Approach",IF(J16<>0,"Ambivalent","Avoid")),"Missing") -> Approach | O16: 0.05 | P16: 14 | Q16: ='Combined R1-R3'!O19 -> 8 | R16: =MAX(Q$3:Q$29) -> 9 | S16: =IF(Q16<>"?",IF(Q16=R16,"Approach",IF(Q16<>0,"Ambivalent","Avoid")),"Missing") -> Ambivalent | T16: =IF(Q16<>"?",IF(OR(Q16=R16,Q16=R16-1),"Approach",IF(Q16<>0,"Ambivalent","Avoid")),"Missing") -> Approach | Y16: =ResponseTimes!E16 -> 2331 | Z16: =ResponseTimes!N16 -> 2253 | AA16: =ResponseTimes!W16 -> 2361 | AC16: =E16 -> Ambivalent | AD16: =L16 -> Ambivalent | AE16: =S16 -> Ambivalent | AG16: =IF(AC14="approach",Y14,"") | AH16: =IF(AD14="approach",Z14,"") | AI16: =IF(AE14="approach",AA14,"") -> 2782 | AK16: =IF(AC14="Ambivalent",Y14,"") -> 2231 | AL16: =IF(AD14="ambivalent",Z14,"") -> 1826 | AM16: =IF(AE14="ambivalent",AA14,"") | AO16: =IF(AC14="avoid",Y14,"") | AP16: =IF(AD14="avoid",Z14,"") | AQ16: =IF(AE14="avoid",AA14,"") | AS16: =IF(AC47="approach",Y47,"") -> 2231 | AT16: =IF(AD47="approach",Z47,"") -> 1826 | AU16: =IF(AE47="approach",AA47,"") -> 2782 | AW16: =IF(AC47="Ambivalent",Y47,"") | AX16: =IF(AD47="Ambivalent",Z47,"") | AY16: =IF(AE47="ambivalent",AA47,"") | BA16: =IF(AC47="Avoid",Y47,"") | BB16: =IF(AD47="Avoid",Z47,"") | BC16: =IF(AE47="Avoid",AA47,"")
... A32: 15 | B32: 30 | C32: ='Combined R1-R3'!G35 -> 3 | D32: =MAX(C$3:C$29) -> 9 | E32: =IF(C32<>"?",IF(C32=D32,"Approach",IF(C32<>0,"Ambivalent","Avoid")),"Missing") -> Ambivalent | F32: =IF(C32<>"?",IF(OR(C32=D32,C32=D32-1),"Approach",IF(C32<>0,"Ambivalent","Avoid")),"Missing") -> Ambivalent | H32: 5 | I32: 30 | J32: ='Combined R1-R3'!K35 -> 7 | K32: =MAX(J$3:J$29) -> 9 | L32: =IF(J32<>"?",IF(J32=K32,"Approach",IF(J32<>0,"Ambivalent","Avoid")),"Missing") -> Ambivalent | M32: =IF(J32<>"?",IF(OR(J32=K32,J32=K32-1),"Approach",IF(J32<>0,"Ambivalent","Avoid")),"Missing") -> Ambivalent | O32: 0.05 | P32: 30 | Q32: ='Combined R1-R3'!O35 -> 8 | R32: =MAX(Q$3:Q$29) -> 9 | S32: =IF(Q32<>"?",IF(Q32=R32,"Approach",IF(Q32<>0,"Ambivalent","Avoid")),"Missing") -> Ambivalent | T32: =IF(Q32<>"?",IF(OR(Q32=R32,Q32=R32-1),"Approach",IF(Q32<>0,"Ambivalent","Avoid")),"Missing") -> Approach | Y32: =ResponseTimes!E32 -> 4501 | Z32: =ResponseTimes!N32 -> 2751 | AA32: =ResponseTimes!W32 -> 1628 | AC32: =E32 -> Ambivalent | AD32: =L32 -> Ambivalent | AE32: =S32 -> Ambivalent | AG32: =IF(AC30="approach",Y30,"") | AH32: =IF(AD30="approach",Z30,"") | AI32: =IF(AE30="approach",AA30,"") | AK32: =IF(AC30="Ambivalent",Y30,"") -> 1979 | AL32: =IF(AD30="ambivalent",Z30,"") -> 1597 | AM32: =IF(AE30="ambivalent",AA30,"") -> 5296 | AO32: =IF(AC30="avoid",Y30,"") | AP32: =IF(AD30="avoid",Z30,"") | AQ32: =IF(AE30="avoid",AA30,"") | AS32: =IF(AC63="approach",Y63,"") -> 1979 | AT32: =IF(AD63="approach",Z63,"") -> 1597 | AU32: =IF(AE63="approach",AA63,"") -> 5296 | AW32: =IF(AC63="Ambivalent",Y63,"") | AX32: =IF(AD63="Ambivalent",Z63,"") | AY32: =IF(AE63="ambivalent",AA63,"") | BA32: =IF(AC63="Avoid",Y63,"") | BB32: =IF(AD63="Avoid",Z63,"") | BC32: =IF(AE63="Avoid",AA63,"")
AG33: =IF(AC31="approach",Y31,"") | AH33: =IF(AD31="approach",Z31,"") | AI33: =IF(AE31="approach",AA31,"") | AK33: =IF(AC31="Ambivalent",Y31,"") | AL33: =IF(AD31="ambivalent",Z31,"") | AM33: =IF(AE31="ambivalent",AA31,"") | AO33: =IF(AC31="avoid",Y31,"") -> 2568 | AP33: =IF(AD31="avoid",Z31,"") -> 1922 | AQ33: =IF(AE31="avoid",AA31,"") -> 2358 | AS33: =IF(AC64="approach",Y64,"") | AT33: =IF(AD64="approach",Z64,"") | AU33: =IF(AE64="approach",AA64,"") | AW33: =IF(AC64="Ambivalent",Y64,"") | AX33: =IF(AD64="Ambivalent",Z64,"") | AY33: =IF(AE64="ambivalent",AA64,"") | BA33: =IF(AC64="Avoid",Y64,"") -> 2568 | BB33: =IF(AD64="Avoid",Z64,"") -> 1922 | BC33: =IF(AE64="Avoid",AA64,"") -> 2358
Y34: NEW RULE: | AG34: =IF(AC32="approach",Y32,"") | AH34: =IF(AD32="approach",Z32,"") | AI34: =IF(AE32="approach",AA32,"") | AK34: =IF(AC32="Ambivalent",Y32,"") -> 4501 | AL34: =IF(AD32="ambivalent",Z32,"") -> 2751 | AM34: =IF(AE32="ambivalent",AA32,"") -> 1628 | AO34: =IF(AC32="avoid",Y32,"") | AP34: =IF(AD32="avoid",Z32,"") | AQ34: =IF(AE32="avoid",AA32,"") | AS34: =IF(AC65="approach",Y65,"") | AT34: =IF(AD65="approach",Z65,"") | AU34: =IF(AE65="approach",AA65,"") -> 1628 | AW34: =IF(AC65="Ambivalent",Y65,"") -> 4501 | AX34: =IF(AD65="Ambivalent",Z65,"") -> 2751 | AY34: =IF(AE65="ambivalent",AA65,"") | BA34: =IF(AC65="Avoid",Y65,"") | BB34: =IF(AD65="Avoid",Z65,"") | BC34: =IF(AE65="Avoid",AA65,"")
Y35: RT1 | Z35: RT2 | AA35: RT3 | AC35: Run1Type | AD35: Run2Type | AE35: Run3Type
Y36: =ResponseTimes!E3 -> 4760 | Z36: =ResponseTimes!N3 -> 2818 | AA36: =ResponseTimes!W3 -> 2670 | AC36: =F3 -> Ambivalent | AD36: =M3 -> Approach | AE36: =T3 -> Approach | AG36: ="Participant #"&'Paste Run 1'!B2 -> Participant #XXXX | AH36: APPROACH_RT | AI36: AMBIVALENT_RT | AJ36: AVOID_RT | AS36: ="Participant #"&'Paste Run 1'!B2 -> Participant #XXXX | AT36: APPROACH_RT | AU36: AMBIVALENT_RT | AV36: AVOID_RT
Y37: =ResponseTimes!E4 -> 3682 | Z37: =ResponseTimes!N4 -> 2300 | AA37: =ResponseTimes!W4 -> 1105 | AC37: =F4 -> Ambivalent | AD37: =M4 -> Ambivalent | AE37: =T4 -> Ambivalent | AG37: Run 1 | AH37: =AVERAGE(AG5:AG34) -> 2686 | AI37: =AVERAGE(AK4:AK34) -> 2824.4211 | AJ37: =AVERAGE(AO4:AO34) -> 3117.5 | AS37: Run 1 | AT37: =AVERAGE(AS5:AS34) -> 2419.1111 | AU37: =AVERAGE(AW4:AW34) -> 3143.4545 | AV37: =AVERAGE(BA4:BA34) -> 3117.5
Y38: =ResponseTimes!E5 -> 3816 | Z38: =ResponseTimes!N5 -> 2515 | AA38: =ResponseTimes!W5 -> 2222 | AC38: =F5 -> Avoid | AD38: =M5 -> Avoid | AE38: =T5 -> Avoid | AG38: Run 2 | AH38: =AVERAGE(AH5:AH34) -> 1993 | AI38: =AVERAGE(AL4:AL34) -> 2187.3684 | AJ38: =AVERAGE(AP5:AP34) -> 2379.4 | AS38: Run 2 | AT38: =AVERAGE(AT5:AT34) -> 2027.7 | AU38: =AVERAGE(AX4:AX34) -> 2327.6 | AV38: =AVERAGE(BB5:BB34) -> 2379.4
Y39: =ResponseTimes!E6 -> 2528 | Z39: =ResponseTimes!N6 -> 2531 | AA39: =ResponseTimes!W6 -> 1912 | AC39: =F6 -> Approach | AD39: =M6 -> Approach | AE39: =T6 -> Approach | AG39: Run 3 | AH39: =AVERAGE(AI5:AI34) -> 2744.3333 | AI39: =AVERAGE(AM4:AM34) -> 2198.2381 | AJ39: =AVERAGE(AQ5:AQ34) -> 2266.3333 | AS39: Run 3 | AT39: =AVERAGE(AU5:AU34) -> 2263.375 | AU39: =AVERAGE(AY4:AY34) -> 2272.75 | AV39: =AVERAGE(BC5:BC34) -> 2266.3333
Y40: =ResponseTimes!E7 -> 4877 | Z40: =ResponseTimes!N7 -> 1615 | AA40: =ResponseTimes!W7 -> 2459 | AC40: =F7 -> Ambivalent | AD40: =M7 -> Ambivalent | AE40: =T7 -> Ambivalent | AG40: MEAN OF MEANS: | AH40: =AVERAGE(AH37:AH39) -> 2474.4444 | AI40: =AVERAGE(AI37:AI39) -> 2403.3425 | AJ40: =AVERAGE(AJ37:AJ39) -> 2587.7444 | AS40: MEAN OF MEANS: | AT40: =AVERAGE(AT37:AT39) -> 2236.7287 | AU40: =AVERAGE(AU37:AU39) -> 2581.2682 | AV40: =AVERAGE(AV37:AV39) -> 2587.7444
Y41: =ResponseTimes!E8 -> 3656 | Z41: =ResponseTimes!N8 -> 1819 | AA41: =ResponseTimes!W8 -> 1727 | AC41: =F8 -> Approach | AD41: =M8 -> Approach | AE41: =T8 -> Approach | AG41: TOTAL MEAN: | AH41: =AVERAGE(AG5:AI34) -> 2582.4 | AI41: =AVERAGE(AK5:AM34) -> 2396.3898 | AJ41: =AVERAGE(AO5:AQ34) -> 2637.1923 | AS41: TOTAL MEAN: | AT41: =AVERAGE(AS5:AU34) -> 2236.0857 | AU41: =AVERAGE(AW5:AY34) -> 2621.931 | AV41: =AVERAGE(BA5:BC34) -> 2637.1923
Y42: =ResponseTimes!E9 -> 3614 | Z42: =ResponseTimes!N9 -> 3889 | AA42: =ResponseTimes!W9 -> 2781 | AC42: =F9 -> Avoid | AD42: =M9 -> Avoid | AE42: =T9 -> Approach
Y43: =ResponseTimes!E10 -> 2927 | Z43: =ResponseTimes!N10 -> 2041 | AA43: =ResponseTimes!W10 -> 2838 | AC43: =F10 -> Ambivalent | AD43: =M10 -> Ambivalent | AE43: =T10 -> Ambivalent | AG43: ="Participant #"&'Paste Run 1'!B2 -> Participant #XXXX | AH43: APPROACH_COUNT | AI43: AMBIVALENT_COUNT | AJ43: AVOID_COUNT | AK43: MISSING_COUNT | AS43: ="Participant #"&'Paste Run 1'!B2 -> Participant #XXXX | AT43: APPROACH_COUNT | AU43: AMBIVALENT_COUNT | AV43: AVOID_COUNT | AW43: MISSING_COUNT
Y44: =ResponseTimes!E11 -> 3312 | Z44: =ResponseTimes!N11 -> 2283 | AA44: =ResponseTimes!W11 -> 2286 | AC44: =F11 -> Avoid | AD44: =M11 -> Avoid | AE44: =T11 -> Avoid | AG44: Run 1 | AH44: =COUNT(AG5:AG34) -> 1 | AI44: =COUNT(AK5:AK34) -> 19 | AJ44: =COUNT(AO5:AO34) -> 10 | AK44: =COUNTIF(AC3:AC32,"Missing") -> 0 | AS44: Run 1 | AT44: =COUNTIF(F3:F32,"APPROACH") -> 9 | AU44: =COUNTIF(F3:F32,"AMBIVALENT") -> 11 | AV44: =COUNTIF(F3:F32,"AVOID") -> 10 | AW44: =COUNTIF(F3:F32,"MISSING") -> 0
Y45: =ResponseTimes!E12 -> 2336 | Z45: =ResponseTimes!N12 -> 1778 | AA45: =ResponseTimes!W12 -> 2558 | AC45: =F12 -> Approach | AD45: =M12 -> Approach | AE45: =T12 -> Approach | AG45: Run 2 | AH45: =COUNT(AH5:AH34) -> 1 | AI45: =COUNT(AL5:AL34) -> 19 | AJ45: =COUNT(AP5:AP34) -> 10 | AK45: =COUNTIF(AD3:AD32,"Missing") -> 0 | AS45: Run 2 | AT45: =COUNTIF(M3:M32,"APPROACH") -> 10 | AU45: =COUNTIF(M3:M32,"AMBIVALENT") -> 10 | AV45: =COUNTIF(M3:M32,"AVOID") -> 10 | AW45: =COUNTIF(M3:M32,"MISSING") -> 0
B46: APPROACH | C46: AMBIV | D46: AVOID | H46: APPROACH | I46: AMBIV | J46: AVOID | Y46: =ResponseTimes!E13 -> 3482 | Z46: =ResponseTimes!N13 -> 2237 | AA46: =ResponseTimes!W13 -> 2442 | AC46: =F13 -> Avoid | AD46: =M13 -> Avoid | AE46: =T13 -> Avoid | AG46: Run 3 | AH46: =COUNT(AI5:AI34) -> 3 | AI46: =COUNT(AM5:AM34) -> 21 | AJ46: =COUNT(AQ5:AQ34) -> 6 | AK46: =COUNTIF(AE3:AE32,"Missing") -> 0 | AS46: Run 3 | AT46: =COUNTIF(T3:T32,"APPROACH") -> 16 | AU46: =COUNTIF(T3:T32,"AMBIVALENT") -> 8 | AV46: =COUNTIF(T3:T32,"AVOID") -> 6 | AW46: =COUNTIF(T3:T32,"MISSING") -> 0
A47: Run1 | B47: =IF(E3="APPROACH",C3,"") | C47: =IF(E3="AMBIVALENT",C3,"") -> 7 | D47: =IF(E3="AVOID",C3,"") | F47: NEW RULE: | G47: Run1 | H47: =IF(F3="APPROACH",C3,"") | I47: =IF(F3="AMBIVALENT",C3,"") -> 7 | J47: =IF(F3="AVOID",C3,"") | Y47: =ResponseTimes!E14 -> 2231 | Z47: =ResponseTimes!N14 -> 1826 | AA47: =ResponseTimes!W14 -> 2782 | AC47: =F14 -> Approach | AD47: =M14 -> Approach | AE47: =T14 -> Approach | AG47: TOTAL: | AH47: =SUM(AH44:AH46) -> 5 | AI47: =SUM(AI44:AI46) -> 59 | AJ47: =SUM(AJ44:AJ46) -> 26 | AK47: =SUM(AK44:AK46) -> 0 | AS47: TOTAL: | AT47: =SUM(AT44:AT46) -> 35 | AU47: =SUM(AU44:AU46) -> 29 | AV47: =SUM(AV44:AV46) -> 26 | AW47: =SUM(AW44:AW46) -> 0
B48: =IF(E4="APPROACH",C4,"") | C48: =IF(E4="AMBIVALENT",C4,"") -> 5 | D48: =IF(E4="AVOID",C4,"") | H48: =IF(F4="APPROACH",C4,"") | I48: =IF(F4="AMBIVALENT",C4,"") -> 5 | J48: =IF(F4="AVOID",C4,"") | Y48: =ResponseTimes!E15 -> 3261 | Z48: =ResponseTimes!N15 -> 3696 | AA48: =ResponseTimes!W15 -> 1707 | AC48: =F15 -> Ambivalent | AD48: =M15 -> Ambivalent | AE48: =T15 -> Ambivalent
B49: =IF(E5="APPROACH",C5,"") | C49: =IF(E5="AMBIVALENT",C5,"") | D49: =IF(E5="AVOID",C5,"") -> 0 | H49: =IF(F5="APPROACH",C5,"") | I49: =IF(F5="AMBIVALENT",C5,"") | J49: =IF(F5="AVOID",C5,"") -> 0 | Y49: =ResponseTimes!E16 -> 2331 | Z49: =ResponseTimes!N16 -> 2253 | AA49: =ResponseTimes!W16 -> 2361 | AC49: =F16 -> Approach | AD49: =M16 -> Approach | AE49: =T16 -> Approach | AG49: =AG36 -> Participant #XXXX | AH49: APPROACH_AVG_CONS | AI49: AMBIVALENT_AVG_CONS | AJ49: AVOID_AVG_CONS | AS49: =AS36 -> Participant #XXXX | AT49: APPROACH_AVG_CONS | AU49: AMBIVALENT_AVG_CONS | AV49: AVOID_AVG_CONS
B50: =IF(E6="APPROACH",C6,"") | C50: =IF(E6="AMBIVALENT",C6,"") -> 8 | D50: =IF(E6="AVOID",C6,"") | H50: =IF(F6="APPROACH",C6,"") -> 8 | I50: =IF(F6="AMBIVALENT",C6,"") | J50: =IF(F6="AVOID",C6,"") | Y50: =ResponseTimes!E17 -> 3678 | Z50: =ResponseTimes!N17 -> 2152 | AA50: =ResponseTimes!W17 -> 2029 | AC50: =F17 -> Avoid | AD50: =M17 -> Avoid | AE50: =T17 -> Avoid | AG50: Run 1 | AH50: =AVERAGE(B47:B76) -> 9 | AI50: =AVERAGE(C47:C76) -> 5.6842105 | AJ50: =AVERAGE(D47:D76) -> 0 | AS50: Run 1 | AT50: =AVERAGE(H47:H76) -> 8.1111111 | AU50: =AVERAGE(I47:I76) -> 4 | AV50: =AVERAGE(J47:J76) -> 0
B51: =IF(E7="APPROACH",C7,"") | C51: =IF(E7="AMBIVALENT",C7,"") -> 2 | D51: =IF(E7="AVOID",C7,"") | H51: =IF(F7="APPROACH",C7,"") | I51: =IF(F7="AMBIVALENT",C7,"") -> 2 | J51: =IF(F7="AVOID",C7,"") | Y51: =ResponseTimes!E18 -> 2776 | Z51: =ResponseTimes!N18 -> 2739 | AA51: =ResponseTimes!W18 -> 1439 | AC51: =F18 -> Ambivalent | AD51: =M18 -> Ambivalent | AE51: =T18 -> Ambivalent | AG51: Run 2 | AH51: =AVERAGE(B77:B106) -> 9 | AI51: =AVERAGE(C77:C106) -> 6.1578947 | AJ51: =AVERAGE(D77:D106) -> 0 | AS51: Run 2 | AT51: =AVERAGE(H77:H106) -> 8.1 | AU51: =AVERAGE(I77:I106) -> 4.5 | AV51: =AVERAGE(J77:J106) -> 0
B52: =IF(E8="APPROACH",C8,"") | C52: =IF(E8="AMBIVALENT",C8,"") -> 8 | D52: =IF(E8="AVOID",C8,"") | H52: =IF(F8="APPROACH",C8,"") -> 8 | I52: =IF(F8="AMBIVALENT",C8,"") | J52: =IF(F8="AVOID",C8,"") | Y52: =ResponseTimes!E19 -> 1741 | Z52: =ResponseTimes!N19 -> 1696 | AA52: =ResponseTimes!W19 -> 2203 | AC52: =F19 -> Approach | AD52: =M19 -> Approach | AE52: =T19 -> Approach | AG52: Run 3 | AH52: =AVERAGE(B107:B136) -> 9 | AI52: =AVERAGE(C107:C136) -> 6.6190476 | AJ52: =AVERAGE(D107:D136) -> 0 | AS52: Run 3 | AT52: =AVERAGE(H107:H136) -> 8.1875 | AU52: =AVERAGE(I107:I136) -> 4.375 | AV52: =AVERAGE(J107:J136) -> 0
