Workbook

Sheet Paste Run 1
A1: ExperimentName | B1: Subject | C1: Session | D1: Clock.Information | E1: DataFile.Basename | F1: Display.RefreshRate | G1: ExperimentVersion | H1: Group | I1: Instructions.Duration | J1: Instructions.DurationError | K1: Instructions.OffsetDelay | L1: Instructions.OffsetTime | M1: Instructions.OnsetDelay | N1: Instructions.OnsetTime | O1: Instructions.OnsetToOnsetTime | P1: Instructions.RESP | Q1: Instructions.RT | R1: Instructions.RTTime | S1: RandomSeed | T1: RuntimeCapabilities | U1: RuntimeVersion | V1: RuntimeVersionExpected | W1: SessionDate | X1: SessionStartDateTimeUtc | Y1: SessionTime | Z1: StudioVersion | AA1: Trigger.DEVICE | AB1: Trigger.Duration | AC1: Trigger.DurationError | AD1: Trigger.OffsetTime | AE1: Trigger.OnsetDelay | AF1: Trigger.OnsetTime | AG1: Trigger.OnsetToOnsetTime | AH1: Trigger.RESP | AI1: Trigger.RT | AJ1: Trigger.RTTime | AK1: Block | AL1: aptTrials | AM1: aptTrials.Cycle | AN1: aptTrials.Sample | AO1: Choice | AP1: currentChoice | AQ1: decideduration | AR1: decideNew.ACC | AS1: decideNew.CRESP | AT1: decideNew.Duration | AU1: decideNew.DurationError | AV1: decideNew.FinishTime | AW1: decideNew.OffsetDelay | AX1: decideNew.OffsetTime | AY1: decideNew.OnsetDelay | AZ1: decideNew.OnsetTime | BA1: decideNew.OnsetToOnsetTime | BB1: decideNew.PreRelease | BC1: decideNew.RESP | BD1: decideNew.RT | BE1: decideNew.RTTime | BF1: decideNew.StartTime | BG1: decideNew.TargetOffsetTime | BH1: decideNew.TargetOnsetTime | BI1: inputduration | BJ1: inputresponse.ACC | BK1: inputresponse.CRESP | BL1: inputresponse.DEVICE | BM1: inputresponse.Duration | BN1: inputresponse.DurationError | BO1: inputresponse.FinishTime | BP1: inputresponse.OffsetTime | BQ1: inputresponse.OnsetDelay | BR1: inputresponse.OnsetTime | BS1: inputresponse.OnsetToOnsetTime | BT1: inputresponse.PreRelease | BU1: inputresponse.RESP | BV1: inputresponse.RT | BW1: inputresponse.RTTime | BX1: inputresponse.StartTime | BY1: inputresponse.TargetOffsetTime | BZ1: inputresponse.TargetOnsetTime | CA1: ISI | CB1: ISI.ACC | CC1: ISI.CRESP | CD1: ISI.Duration | CE1: ISI.DurationError | CF1: ISI.FinishTime | CG1: ISI.OffsetDelay | CH1: ISI.OffsetTime | CI1: ISI.OnsetDelay | CJ1: ISI.OnsetTime | CK1: ISI.OnsetToOnsetTime | CL1: ISI.PreRelease | CM1: ISI.RESP | CN1: ISI.RT | CO1: ISI.RTTime | CP1: ISI.StartTime | CQ1: ISI.TargetOffsetTime | CR1: ISI.TargetOnsetTime | CS1: maxpos | CT1: minpos | CU1: pos1 | CV1: pos10 | CW1: pos11 | CX1: pos2 | CY1: pos3 | CZ1: pos4 | DA1: pos5 | DB1: pos6 | DC1: pos7 | DD1: pos8 | DE1: pos9 | DF1: price | DG1: Procedure | DH1: Running | DI1: start.Duration | DJ1: start.DurationError | DK1: start.OffsetTime | DL1: start.OnsetDelay | DM1: start.OnsetTime | DN1: start.OnsetToOnsetTime | DO1: submitduration | DP1: submitted.ACC | DQ1: submitted.CRESP | DR1: submitted.Duration | DS1: submitted.DurationError | DT1: submitted.FinishTime | DU1: submitted.OffsetDelay | DV1: submitted.OffsetTime | DW1: submitted.OnsetDelay | DX1: submitted.OnsetTime | DY1: submitted.OnsetToOnsetTime | DZ1: submitted.PreRelease | EA1: submitted.RESP | EB1: submitted.RT | EC1: submitted.RTTime | ED1: submitted.StartTime | EE1: submitted.TargetOffsetTime | EF1: submitted.TargetOnsetTime | EG1: trialnumber
A2: R01_NE_APT Run 1_Penultimate Prices EP3_Mar22 | B2: 1092 | C2: 1 | D2: <?xml version="1.0"?>\n<Clock xmlns:dt="urn:schemas-microsoft-com:datatypes"><Description dt:dt="string">E-Prime Primary Realtime Clock</Description><StartTime><Timestamp dt:dt="int">0</Timestamp><DateUtc dt:dt="string">2022-09-02T18:11:32Z</DateUtc></StartTime><FrequencyChanges><FrequencyChange><Frequency dt:dt="r8">2531396</Frequency><Timestamp dt:dt="r8">29499780309938</Timestamp><Current dt:dt="r8">0</Current><DateUtc dt:dt="string">2022-09-02T18:11:32Z</DateUtc></FrequencyChange></FrequencyChanges></Clock>\n | E2: R01_NE_APT Run 1_Penultimate Prices EP3_Mar22-01092-1 | F2: 59.954 | G2: 1.0.0.107 | H2: 1 | I2: 6000 | J2: -43 | K2: 0 | L2: 39856 | M2: 43 | N2: 33999 | O2: 5971 | Q2: 0 | R2: 0 | S2: 1945214817 | T2: Full | U2: 3.0.3.80 | V2: 3.0.3.80 | W2: 44806 | X2: 44806.758 | Y2: 0.59135417 | Z2: 3.0.3.82 | AA2: Keyboard | AB2: -1 | AC2: -999999 | AD2: 33956 | AE2: 46 | AF2: 14951 | AG2: 0 | AH2: 5 | AI2: 19005 | AJ2: 33956 | AK2: 1 | AL2: 1 | AM2: 1 | AN2: 1 | AO2: 10 | AP2: ? | AQ2: 4000 | AR2: 0 | AT2: 4000 | AU2: -14 | AV2: 43856 | AW2: 0 | AX2: 43856 | AY2: 14 | AZ2: 39970 | BA2: 3987 | BB2: 100 | BD2: 0 | BE2: 0 | BF2: 39858 | BG2: 43856 | BH2: 39956 | BI2: 7000 | BJ2: 0 | BL2: Keyboard | BM2: 7000 | BN2: -999999 | BO2: 48507 | BP2: 48507 | BQ2: 59 | BR2: 48294 | BS2: 0 | BT2: 100 | BU2: 1 | BV2: 213 | BW2: 48507 | BX2: 48239 | BY2: 55135 | BZ2: 48235 | CA2: 6000 | CB2: 0 | CD2: 6000 | CE2: -6 | CF2: 56856 | CG2: 0 | CH2: 56856 | CI2: 6 | CJ2: 50962 | CK2: 0 | CL2: 100 | CN2: 0 | CO2: 0 | CP2: 50856 | CQ2: 56856 | CR2: 50956 | CS2: 15 | CT2: 4 | CU2: 0 | CV2: 9 | CW2: 10 | CX2: 1 | CY2: 2 | CZ2: 3 | DA2: 4 | DB2: 5 | DC2: 6 | DD2: 7 | DE2: 8 | DF2: $0.01 each? | DG2: aptTrialProc | DH2: aptTrials | DI2: 0 | DJ2: 0 | DK2: 43957 | DL2: 1 | DM2: 43957 | DN2: 50 | DO2: 7000 | DP2: 0 | DR2: 7000 | DS2: -4605 | DT2: 50856 | DU2: 0 | DV2: 50856 | DW2: 4605 | DX2: 48561 | DY2: 2401 | DZ2: 100 | EB2: 0 | EC2: 0 | ED2: 48510 | EE2: 50856 | EF2: 43956 | EG2: 1
A3: R01_NE_APT Run 1_Penultimate Prices EP3_Mar22 | B3: 1092 | C3: 1 | D3: <?xml version="1.0"?>\n<Clock xmlns:dt="urn:schemas-microsoft-com:datatypes"><Description dt:dt="string">E-Prime Primary Realtime Clock</Description><StartTime><Timestamp dt:dt="int">0</Timestamp><DateUtc dt:dt="string">2022-09-02T18:11:32Z</DateUtc></StartTime><FrequencyChanges><FrequencyChange><Frequency dt:dt="r8">2531396</Frequency><Timestamp dt:dt="r8">29499780309938</Timestamp><Current dt:dt="r8">0</Current><DateUtc dt:dt="string">2022-09-02T18:11:32Z</DateUtc></FrequencyChange></FrequencyChanges></Clock>\n | E3: R01_NE_APT Run 1_Penultimate Prices EP3_Mar22-01092-1 | F3: 59.954 | G3: 1.0.0.107 | H3: 1 | I3: 6000 | J3: -43 | K3: 0 | L3: 39856 | M3: 43 | N3: 33999 | O3: 5971 | Q3: 0 | R3: 0 | S3: 1945214817 | T3: Full | U3: 3.0.3.80 | V3: 3.0.3.80 | W3: 44806 | X3: 44806.758 | Y3: 0.59135417 | Z3: 3.0.3.82 | AA3: Keyboard | AB3: -1 | AC3: -999999 | AD3: 33956 | AE3: 46 | AF3: 14951 | AG3: 0 | AH3: 5 | AI3: 19005 | AJ3: 33956 | AK3: 2 | AL3: 2 | AM3: 1 | AN3: 2 | AO3: 10 | AP3: ? | AQ3: 4000 | AR3: 0 | AT3: 4000 | AU3: -11 | AV3: 60856 | AW3: 0 | AX3: 60856 | AY3: 11 | AZ3: 56967 | BA3: 4003 | BB3: 100 | BD3: 0 | BE3: 0 | BF3: 56861 | BG3: 60856 | BH3: 56956 | BI3: 7000 | BJ3: 0 | BL3: Keyboard | BM3: 7000 | BN3: -999999 | BO3: 64818 | BP3: 64818 | BQ3: 61 | BR3: 64239 | BS3: 0 | BT3: 100 | BU3: 1 | BV3: 579 | BW3: 64818 | BX3: 64183 | BY3: 71078 | BZ3: 64178 | CA3: 12000 | CB3: 0 | CD3: 12000 | CE3: -3 | CF3: 79856 | CG3: 0 | CH3: 79856 | CI3: 3 | CJ3: 67959 | CK3: 0 | CL3: 100 | CN3: 0 | CO3: 0 | CP3: 67856 | CQ3: 79856 | CR3: 67956 | CS3: 15 | CT3: 4 | CU3: 0 | CV3: 9 | CW3: 10 | CX3: 1 | CY3: 2 | CZ3: 3 | DA3: 4 | DB3: 5 | DC3: 6 | DD3: 7 | DE3: 8 | DF3: $5.00 each? | DG3: aptTrialProc | DH3: aptTrials | DI3: 0 | DJ3: 0 | DK3: 60970 | DL3: 14 | DM3: 60970 | DN3: 50 | DO3: 7000 | DP3: 0 | DR3: 7000 | DS3: -3917 | DT3: 67856 | DU3: 0 | DV3: 67856 | DW3: 3917 | DX3: 64873 | DY3: 3086 | DZ3: 100 | EB3: 0 | EC3: 0 | ED3: 64822 | EE3: 67856 | EF3: 60956 | EG3: 2
A4: R01_NE_APT Run 1_Penultimate Prices EP3_Mar22 | B4: 1092 | C4: 1 | D4: <?xml version="1.0"?>\n<Clock xmlns:dt="urn:schemas-microsoft-com:datatypes"><Description dt:dt="string">E-Prime Primary Realtime Clock</Description><StartTime><Timestamp dt:dt="int">0</Timestamp><DateUtc dt:dt="string">2022-09-02T18:11:32Z</DateUtc></StartTime><FrequencyChanges><FrequencyChange><Frequency dt:dt="r8">2531396</Frequency><Timestamp dt:dt="r8">29499780309938</Timestamp><Current dt:dt="r8">0</Current><DateUtc dt:dt="string">2022-09-02T18:11:32Z</DateUtc></FrequencyChange></FrequencyChanges></Clock>\n | E4: R01_NE_APT Run 1_Penultimate Prices EP3_Mar22-01092-1 | F4: 59.954 | G4: 1.0.0.107 | H4: 1 | I4: 6000 | J4: -43 | K4: 0 | L4: 39856 | M4: 43 | N4: 33999 | O4: 5971 | Q4: 0 | R4: 0 | S4: 1945214817 | T4: Full | U4: 3.0.3.80 | V4: 3.0.3.80 | W4: 44806 | X4: 44806.758 | Y4: 0.59135417 | Z4: 3.0.3.82 | AA4: Keyboard | AB4: -1 | AC4: -999999 | AD4: 33956 | AE4: 46 | AF4: 14951 | AG4: 0 | AH4: 5 | AI4: 19005 | AJ4: 33956 | AK4: 3 | AL4: 3 | AM4: 1 | AN4: 3 | AO4: 1 | AP4: ? | AQ4: 4000 | AR4: 0 | AT4: 4000 | AU4: -12 | AV4: 83856 | AW4: 0 | AX4: 83856 | AY4: 12 | AZ4: 79968 | BA4: 4003 | BB4: 100 | BD4: 0 | BE4: 0 | BF4: 79865 | BG4: 83856 | BH4: 79956 | BI4: 7000 | BJ4: 0 | BL4: Keyboard | BM4: 7000 | BN4: -999999 | BO4: 86209 | BP4: 86209 | BQ4: 118 | BR4: 85823 | BS4: 0 | BT4: 100 | BU4: 1 | BV4: 386 | BW4: 86209 | BX4: 85711 | BY4: 92605 | BZ4: 85705 | CA4: 8000 | CB4: 0 | CD4: 8000 | CE4: -4 | CF4: 98856 | CG4: 0 | CH4: 98856 | CI4: 4 | CJ4: 90960 | CK4: 0 | CL4: 100 | CN4: 0 | CO4: 0 | CP4: 90856 | CQ4: 98856 | CR4: 90956 | CS4: 15 | CT4: 4 | CU4: 0 | CV4: 9 | CW4: 10 | CX4: 1 | CY4: 2 | CZ4: 3 | DA4: 4 | DB4: 5 | DC4: 6 | DD4: 7 | DE4: 8 | DF4: $50.00 each? | DG4: aptTrialProc | DH4: aptTrials | DI4: 0 | DJ4: 0 | DK4: 83971 | DL4: 15 | DM4: 83971 | DN4: 67 | DO4: 7000 | DP4: 0 | DR4: 7000 | DS4: -2367 | DT4: 90856 | DU4: 0 | DV4: 90856 | DW4: 2367 | DX4: 86323 | DY4: 4637 | DZ4: 100 | EB4: 0 | EC4: 0 | ED4: 86213 | EE4: 90856 | EF4: 83956 | EG4: 3
A5: R01_NE_APT Run 1_Penultimate Prices EP3_Mar22 | B5: 1092 | C5: 1 | D5: <?xml version="1.0"?>\n<Clock xmlns:dt="urn:schemas-microsoft-com:datatypes"><Description dt:dt="string">E-Prime Primary Realtime Clock</Description><StartTime><Timestamp dt:dt="int">0</Timestamp><DateUtc dt:dt="string">2022-09-02T18:11:32Z</DateUtc></StartTime><FrequencyChanges><FrequencyChange><Frequency dt:dt="r8">2531396</Frequency><Timestamp dt:dt="r8">29499780309938</Timestamp><Current dt:dt="r8">0</Current><DateUtc dt:dt="string">2022-09-02T18:11:32Z</DateUtc></FrequencyChange></FrequencyChanges></Clock>\n | E5: R01_NE_APT Run 1_Penultimate Prices EP3_Mar22-01092-1 | F5: 59.954 | G5: 1.0.0.107 | H5: 1 | I5: 6000 | J5: -43 | K5: 0 | L5: 39856 | M5: 43 | N5: 33999 | O5: 5971 | Q5: 0 | R5: 0 | S5: 1945214817 | T5: Full | U5: 3.0.3.80 | V5: 3.0.3.80 | W5: 44806 | X5: 44806.758 | Y5: 0.59135417 | Z5: 3.0.3.82 | AA5: Keyboard | AB5: -1 | AC5: -999999 | AD5: 33956 | AE5: 46 | AF5: 14951 | AG5: 0 | AH5: 5 | AI5: 19005 | AJ5: 33956 | AK5: 4 | AL5: 4 | AM5: 1 | AN5: 4 | AO5: 10 | AP5: ? | AQ5: 4000 | AR5: 0 | AT5: 4000 | AU5: -10 | AV5: 102856 | AW5: 0 | AX5: 102856 | AY5: 10 | AZ5: 98966 | BA5: 4003 | BB5: 100 | BD5: 0 | BE5: 0 | BF5: 98861 | BG5: 102856 | BH5: 98956 | BI5: 7000 | BJ5: 0 | BL5: Keyboard | BM5: 7000 | BN5: -999999 | BO5: 105112 | BP5: 105112 | BQ5: 54 | BR5: 104854 | BS5: 0 | BT5: 100 | BU5: 1 | BV5: 258 | BW5: 105112 | BX5: 104804 | BY5: 111700 | BZ5: 104800 | CA5: 4000 | CB5: 0 | CD5: 4000 | CE5: -2 | CF5: 113856 | CG5: 0 | CH5: 113856 | CI5: 2 | CJ5: 109958 | CK5: 0 | CL5: 100 | CN5: 0 | CO5: 0 | CP5: 109856 | CQ5: 113856 | CR5: 109956 | CS5: 15 | CT5: 4 | CU5: 0 | CV5: 9 | CW5: 10 | CX5: 1 | CY5: 2 | CZ5: 3 | DA5: 4 | DB5: 5 | DC5: 6 | DD5: 7 | DE5: 8 | DF5: $0.00 each? | DG5: aptTrialProc | DH5: aptTrials | DI5: 0 | DJ5: 0 | DK5: 102969 | DL5: 13 | DM5: 102969 | DN5: 67 | DO5: 7000 | DP5: 0 | DR5: 7000 | DS5: -2215 | DT5: 109856 | DU5: 0 | DV5: 109856 | DW5: 2215 | DX5: 105171 | DY5: 4787 | DZ5: 100 | EB5: 0 | EC5: 0 | ED5: 105115 | EE5: 109856 | EF5: 102956 | EG5: 4
A6: R01_NE_APT Run 1_Penultimate Prices EP3_Mar22 | B6: 1092 | C6: 1 | D6: <?xml version="1.0"?>\n<Clock xmlns:dt="urn:schemas-microsoft-com:datatypes"><Description dt:dt="string">E-Prime Primary Realtime Clock</Description><StartTime><Timestamp dt:dt="int">0</Timestamp><DateUtc dt:dt="string">2022-09-02T18:11:32Z</DateUtc></StartTime><FrequencyChanges><FrequencyChange><Frequency dt:dt="r8">2531396</Frequency><Timestamp dt:dt="r8">29499780309938</Timestamp><Current dt:dt="r8">0</Current><DateUtc dt:dt="string">2022-09-02T18:11:32Z</DateUtc></FrequencyChange></FrequencyChanges></Clock>\n | E6: R01_NE_APT Run 1_Penultimate Prices EP3_Mar22-01092-1 | F6: 59.954 | G6: 1.0.0.107 | H6: 1 | I6: 6000 | J6: -43 | K6: 0 | L6: 39856 | M6: 43 | N6: 33999 | O6: 5971 | Q6: 0 | R6: 0 | S6: 1945214817 | T6: Full | U6: 3.0.3.80 | V6: 3.0.3.80 | W6: 44806 | X6: 44806.758 | Y6: 0.59135417 | Z6: 3.0.3.82 | AA6: Keyboard | AB6: -1 | AC6: -999999 | AD6: 33956 | AE6: 46 | AF6: 14951 | AG6: 0 | AH6: 5 | AI6: 19005 | AJ6: 33956 | AK6: 5 | AL6: 5 | AM6: 1 | AN6: 5 | AO6: 5 | AP6: ? | AQ6: 4000 | AR6: 0 | AT6: 4000 | AU6: -5 | AV6: 117856 | AW6: 0 | AX6: 117856 | AY6: 5 | AZ6: 113961 | BA6: 4003 | BB6: 100 | BD6: 0 | BE6: 0 | BF6: 113863 | BG6: 117856 | BH6: 113956 | BI6: 7000 | BJ6: 0 | BL6: Keyboard | BM6: 7000 | BN6: -999999 | BO6: 119359 | BP6: 119359 | BQ6: 83 | BR6: 118498 | BS6: 0 | BT6: 100 | BU6: 1 | BV6: 861 | BW6: 119359 | BX6: 118421 | BY6: 125315 | BZ6: 118415 | CA6: 4000 | CB6: 0 | CD6: 4000 | CE6: -14 | CF6: 128856 | CG6: 0 | CH6: 128856 | CI6: 14 | CJ6: 124970 | CK6: 0 | CL6: 100 | CN6: 0 | CO6: 0 | CP6: 124857 | CQ6: 128856 | CR6: 124956 | CS6: 15 | CT6: 4 | CU6: 0 | CV6: 9 | CW6: 10 | CX6: 1 | CY6: 2 | CZ6: 3 | DA6: 4 | DB6: 5 | DC6: 6 | DD6: 7 | DE6: 8 | DF6: $15.00 each? | DG6: aptTrialProc | DH6: aptTrials | DI6: 0 | DJ6: 0 | DK6: 117964 | DL6: 8 | DM6: 117964 | DN6: 100 | DO6: 7000 | DP6: 0 | DR6: 7000 | DS6: -1509 | DT6: 124856 | DU6: 0 | DV6: 124856 | DW6: 1509 | DX6: 119465 | DY6: 5505 | DZ6: 100 | EB6: 0 | EC6: 0 | ED6: 119363 | EE6: 124856 | EF6: 117956 | EG6: 5
A7: R01_NE_APT Run 1_Penultimate Prices EP3_Mar22 | B7: 1092 | C7: 1 | D7: <?xml version="1.0"?>\n<Clock xmlns:dt="urn:schemas-microsoft-com:datatypes"><Description dt:dt="string">E-Prime Primary Realtime Clock</Description><StartTime><Timestamp dt:dt="int">0</Timestamp><DateUtc dt:dt="string">2022-09-02T18:11:32Z</DateUtc></StartTime><FrequencyChanges><FrequencyChange><Frequency dt:dt="r8">2531396</Frequency><Timestamp dt:dt="r8">29499780309938</Timestamp><Current dt:dt="r8">0</Current><DateUtc dt:dt="string">2022-09-02T18:11:32Z</DateUtc></FrequencyChange></FrequencyChanges></Clock>\n | E7: R01_NE_APT Run 1_Penultimate Prices EP3_Mar22-01092-1 | F7: 59.954 | G7: 1.0.0.107 | H7: 1 | I7: 6000 | J7: -43 | K7: 0 | L7: 39856 | M7: 43 | N7: 33999 | O7: 5971 | Q7: 0 | R7: 0 | S7: 1945214817 | T7: Full | U7: 3.0.3.80 | V7: 3.0.3.80 | W7: 44806 | X7: 44806.758 | Y7: 0.59135417 | Z7: 3.0.3.82 | AA7: Keyboard | AB7: -1 | AC7: -999999 | AD7: 33956 | AE7: 46 | AF7: 14951 | AG7: 0 | AH7: 5 | AI7: 19005 | AJ7: 33956 | AK7: 6 | AL7: 6 | AM7: 1 | AN7: 6 | AO7: 10 | AP7: ? | AQ7: 4000 | AR7: 0 | AT7: 4000 | AU7: -17 | AV7: 132856 | AW7: 0 | AX7: 132856 | AY7: 17 | AZ7: 128973 | BA7: 3986 | BB7: 100 | BD7: 0 | BE7: 0 | BF7: 128865 | BG7: 132856 | BH7: 128956 | BI7: 7000 | BJ7: 0 | BL7: Keyboard | BM7: 7000 | BN7: -999999 | BO7: 135326 | BP7: 135326 | BQ7: 103 | BR7: 135077 | BS7: 0 | BT7: 100 | BU7: 1 | BV7: 249 | BW7: 135326 | BX7: 134980 | BY7: 141874 | BZ7: 134974 | CA7: 2000 | CB7: 0 | CD7: 2000 | CE7: -8 | CF7: 141856 | CG7: 0 | CH7: 141856 | CI7: 8 | CJ7: 139964 | CK7: 0 | CL7: 100 | CN7: 0 | CO7: 0 | CP7: 139856 | CQ7: 141856 | CR7: 139956 | CS7: 15 | CT7: 4 | CU7: 0 | CV7: 9 | CW7: 10 | CX7: 1 | CY7: 2 | CZ7: 3 | DA7: 4 | DB7: 5 | DC7: 6 | DD7: 7 | DE7: 8 | DF7: $0.05 each? | DG7: aptTrialProc | DH7: aptTrials | DI7: 0 | DJ7: 0 | DK7: 132959 | DL7: 3 | DM7: 132959 | DN7: 100 | DO7: 7000 | DP7: 0 | DR7: 7000 | DS7: -2472 | DT7: 139856 | DU7: 0 | DV7: 139856 | DW7: 2472 | DX7: 135428 | DY7: 4536 | DZ7: 100 | EB7: 0 | EC7: 0 | ED7: 135330 | EE7: 139856 | EF7: 132956 | EG7: 6
A8: R01_NE_APT Run 1_Penultimate Prices EP3_Mar22 | B8: 1092 | C8: 1 | D8: <?xml version="1.0"?>\n<Clock xmlns:dt="urn:schemas-microsoft-com:datatypes"><Description dt:dt="string">E-Prime Primary Realtime Clock</Description><StartTime><Timestamp dt:dt="int">0</Timestamp><DateUtc dt:dt="string">2022-09-02T18:11:32Z</DateUtc></StartTime><FrequencyChanges><FrequencyChange><Frequency dt:dt="r8">2531396</Frequency><Timestamp dt:dt="r8">29499780309938</Timestamp><Current dt:dt="r8">0</Current><DateUtc dt:dt="string">2022-09-02T18:11:32Z</DateUtc></FrequencyChange></FrequencyChanges></Clock>\n | E8: R01_NE_APT Run 1_Penultimate Prices EP3_Mar22-01092-1 | F8: 59.954 | G8: 1.0.0.107 | H8: 1 | I8: 6000 | J8: -43 | K8: 0 | L8: 39856 | M8: 43 | N8: 33999 | O8: 5971 | Q8: 0 | R8: 0 | S8: 1945214817 | T8: Full | U8: 3.0.3.80 | V8: 3.0.3.80 | W8: 44806 | X8: 44806.758 | Y8: 0.59135417 | Z8: 3.0.3.82 | AA8: Keyboard | AB8: -1 | AC8: -999999 | AD8: 33956 | AE8: 46 | AF8: 14951 | AG8: 0 | AH8: 5 | AI8: 19005 | AJ8: 33956 | AK8: 7 | AL8: 7 | AM8: 1 | AN8: 7 | AO8: 2 | AP8: ? | AQ8: 4000 | AR8: 0 | AT8: 4000 | AU8: -10 | AV8: 145856 | AW8: 0 | AX8: 145856 | AY8: 10 | AZ8: 141966 | BA8: 4003 | BB8: 100 | BD8: 0 | BE8: 0 | BF8: 141861 | BG8: 145856 | BH8: 141956 | BI8: 7000 | BJ8: 0 | BL8: Keyboard | BM8: 7000 | BN8: -999999 | BO8: 148286 | BP8: 148285 | BQ8: 122 | BR8: 147887 | BS8: 0 | BT8: 100 | BU8: 1 | BV8: 398 | BW8: 148285 | BX8: 147772 | BY8: 154665 | BZ8: 147765 | CA8: 8000 | CB8: 0 | CD8: 8000 | CE8: -2 | CF8: 160856 | CG8: 0 | CH8: 160856 | CI8: 2 | CJ8: 152958 | CK8: 0 | CL8: 100 | CN8: 0 | CO8: 0 | CP8: 152856 | CQ8: 160856 | CR8: 152956 | CS8: 15 | CT8: 4 | CU8: 0 | CV8: 9 | CW8: 10 | CX8: 1 | CY8: 2 | CZ8: 3 | DA8: 4 | DB8: 5 | DC8: 6 | DD8: 7 | DE8: 8 | DF8: $40.00 each? | DG8: aptTrialProc | DH8: aptTrials | DI8: 0 | DJ8: 0 | DK8: 145969 | DL8: 13 | DM8: 145969 | DN8: 100 | DO8: 7000 | DP8: 0 | DR8: 7000 | DS8: -2432 | DT8: 152856 | DU8: 0 | DV8: 152856 | DW8: 2432 | DX8: 148388 | DY8: 4570 | DZ8: 100 | EB8: 0 | EC8: 0 | ED8: 148289 | EE8: 152856 | EF8: 145956 | EG8: 7
A9: R01_NE_APT Run 1_Penultimate Prices EP3_Mar22 | B9: 1092 | C9: 1 | D9: <?xml version="1.0"?>\n<Clock xmlns:dt="urn:schemas-microsoft-com:datatypes"><Description dt:dt="string">E-Prime Primary Realtime Clock</Description><StartTime><Timestamp dt:dt="int">0</Timestamp><DateUtc dt:dt="string">2022-09-02T18:11:32Z</DateUtc></StartTime><FrequencyChanges><FrequencyChange><Frequency dt:dt="r8">2531396</Frequency><Timestamp dt:dt="r8">29499780309938</Timestamp><Current dt:dt="r8">0</Current><DateUtc dt:dt="string">2022-09-02T18:11:32Z</DateUtc></FrequencyChange></FrequencyChanges></Clock>\n | E9: R01_NE_APT Run 1_Penultimate Prices EP3_Mar22-01092-1 | F9: 59.954 | G9: 1.0.0.107 | H9: 1 | I9: 6000 | J9: -43 | K9: 0 | L9: 39856 | M9: 43 | N9: 33999 | O9: 5971 | Q9: 0 | R9: 0 | S9: 1945214817 | T9: Full | U9: 3.0.3.80 | V9: 3.0.3.80 | W9: 44806 | X9: 44806.758 | Y9: 0.59135417 | Z9: 3.0.3.82 | AA9: Keyboard | AB9: -1 | AC9: -999999 | AD9: 33956 | AE9: 46 | AF9: 14951 | AG9: 0 | AH9: 5 | AI9: 19005 | AJ9: 33956 | AK9: 8 | AL9: 8 | AM9: 1 | AN9: 8 | AO9: 6 | AP9: ? | AQ9: 4000 | AR9: 0 | AT9: 4000 | AU9: -8 | AV9: 164856 | AW9: 0 | AX9: 164856 | AY9: 8 | AZ9: 160964 | BA9: 4003 | BB9: 100 | BD9: 0 | BE9: 0 | BF9: 160861 | BG9: 164856 | BH9: 160956 | BI9: 7000 | BJ9: 0 | BL9: Keyboard | BM9: 7000 | BN9: -999999 | BO9: 166548 | BP9: 166548 | BQ9: 70 | BR9: 165834 | BS9: 0 | BT9: 100 | BU9: 1 | BV9: 714 | BW9: 166548 | BX9: 165769 | BY9: 172664 | BZ9: 165764 | CA9: 8000 | CB9: 0 | CD9: 8000 | CE9: 0 | CF9: 179856 | CG9: 0 | CH9: 179856 | CI9: 0 | CJ9: 171956 | CK9: 0 | CL9: 100 | CN9: 0 | CO9: 0 | CP9: 171856 | CQ9: 179856 | CR9: 171956 | CS9: 15 | CT9: 4 | CU9: 0 | CV9: 9 | CW9: 10 | CX9: 1 | CY9: 2 | CZ9: 3 | DA9: 4 | DB9: 5 | DC9: 6 | DD9: 7 | DE9: 8 | DF9: $13.00 each? | DG9: aptTrialProc | DH9: aptTrials | DI9: 0 | DJ9: 0 | DK9: 164967 | DL9: 11 | DM9: 164967 | DN9: 67 | DO9: 7000 | DP9: 0 | DR9: 7000 | DS9: -1713 | DT9: 171856 | DU9: 0 | DV9: 171856 | DW9: 1713 | DX9: 166669 | DY9: 5287 | DZ9: 100 | EB9: 0 | EC9: 0 | ED9: 166552 | EE9: 171856 | EF9: 164956 | EG9: 8
A10: R01_NE_APT Run 1_Penultimate Prices EP3_Mar22 | B10: 1092 | C10: 1 | D10: <?xml version="1.0"?>\n<Clock xmlns:dt="urn:schemas-microsoft-com:datatypes"><Description dt:dt="string">E-Prime Primary Realtime Clock</Description><StartTime><Timestamp dt:dt="int">0</Timestamp><DateUtc dt:dt="string">2022-09-02T18:11:32Z</DateUtc></StartTime><FrequencyChanges><FrequencyChange><Frequency dt:dt="r8">2531396</Frequency><Timestamp dt:dt="r8">29499780309938</Timestamp><Current dt:dt="r8">0</Current><DateUtc dt:dt="string">2022-09-02T18:11:32Z</DateUtc></FrequencyChange></FrequencyChanges></Clock>\n | E10: R01_NE_APT Run 1_Penultimate Prices EP3_Mar22-01092-1 | F10: 59.954 | G10: 1.0.0.107 | H10: 1 | I10: 6000 | J10: -43 | K10: 0 | L10: 39856 | M10: 43 | N10: 33999 | O10: 5971 | Q10: 0 | R10: 0 | S10: 1945214817 | T10: Full | U10: 3.0.3.80 | V10: 3.0.3.80 | W10: 44806 | X10: 44806.758 | Y10: 0.59135417 | Z10: 3.0.3.82 | AA10: Keyboard | AB10: -1 | AC10: -999999 | AD10: 33956 | AE10: 46 | AF10: 14951 | AG10: 0 | AH10: 5 | AI10: 19005 | AJ10: 33956 | AK10: 9 | AL10: 9 | AM10: 1 | AN10: 9 | AO10: 0 | AP10: ? | AQ10: 4000 | AR10: 0 | AT10: 4000 | AU10: -6 | AV10: 183856 | AW10: 0 | AX10: 183856 | AY10: 6 | AZ10: 179962 | BA10: 4003 | BB10: 100 | BD10: 0 | BE10: 0 | BF10: 179865 | BG10: 183856 | BH10: 179956 | BI10: 7000 | BJ10: 0 | BL10: Keyboard | BM10: 7000 | BN10: -999999 | BO10: 186875 | BP10: 186875 | BQ10: 80 | BR10: 186651 | BS10: 0 | BT10: 100 | BU10: 1 | BV10: 224 | BW10: 186875 | BX10: 186577 | BY10: 193471 | BZ10: 186571 | CA10: 10000 | CB10: 0 | CD10: 10000 | CE10: -14 | CF10: 200856 | CG10: 0 | CH10: 200856 | CI10: 14 | CJ10: 190970 | CK10: 0 | CL10: 100 | CN10: 0 | CO10: 0 | CP10: 190856 | CQ10: 200856 | CR10: 190956 | CS10: 15 | CT10: 4 | CU10: 0 | CV10: 9 | CW10: 10 | CX10: 1 | CY10: 2 | CZ10: 3 | DA10: 4 | DB10: 5 | DC10: 6 | DD10: 7 | DE10: 8 | DF10: $80.00 each? | DG10: aptTrialProc | DH10: aptTrials | DI10: 0 | DJ10: 0 | DK10: 183965 | DL10: 9 | DM10: 183965 | DN10: 84 | DO10: 7000 | DP10: 0 | DR10: 7000 | DS10: -2995 | DT10: 190856 | DU10: 0 | DV10: 190856 | DW10: 2995 | DX10: 186951 | DY10: 4019 | DZ10: 100 | EB10: 0 | EC10: 0 | ED10: 186878 | EE10: 190856 | EF10: 183956 | EG10: 9
A11: R01_NE_APT Run 1_Penultimate Prices EP3_Mar22 | B11: 1092 | C11: 1 | D11: <?xml version="1.0"?>\n<Clock xmlns:dt="urn:schemas-microsoft-com:datatypes"><Description dt:dt="string">E-Prime Primary Realtime Clock</Description><StartTime><Timestamp dt:dt="int">0</Timestamp><DateUtc dt:dt="string">2022-09-02T18:11:32Z</DateUtc></StartTime><FrequencyChanges><FrequencyChange><Frequency dt:dt="r8">2531396</Frequency><Timestamp dt:dt="r8">29499780309938</Timestamp><Current dt:dt="r8">0</Current><DateUtc dt:dt="string">2022-09-02T18:11:32Z</DateUtc></FrequencyChange></FrequencyChanges></Clock>\n | E11: R01_NE_APT Run 1_Penultimate Prices EP3_Mar22-01092-1 | F11: 59.954 | G11: 1.0.0.107 | H11: 1 | I11: 6000 | J11: -43 | K11: 0 | L11: 39856 | M11: 43 | N11: 33999 | O11: 5971 | Q11: 0 | R11: 0 | S11: 1945214817 | T11: Full | U11: 3.0.3.80 | V11: 3.0.3.80 | W11: 44806 | X11: 44806.758 | Y11: 0.59135417 | Z11: 3.0.3.82 | AA11: Keyboard | AB11: -1 | AC11: -999999 | AD11: 33956 | AE11: 46 | AF11: 14951 | AG11: 0 | AH11: 5 | AI11: 19005 | AJ11: 33956 | AK11: 10 | AL11: 10 | AM11: 1 | AN11: 10 | AO11: 10 | AP11: ? | AQ11: 4000 | AR11: 0 | AT11: 4000 | AU11: -6 | AV11: 204856 | AW11: 0 | AX11: 204856 | AY11: 6 | AZ11: 200962 | BA11: 4003 | BB11: 100 | BD11: 0 | BE11: 0 | BF11: 200862 | BG11: 204856 | BH11: 200956 | BI11: 7000 | BJ11: 0 | BL11: Keyboard | BM11: 7000 | BN11: -999999 | BO11: 207186 | BP11: 207186 | BQ11: 118 | BR11: 207000 | BS11: 0 | BT11: 100 | BU11: 1 | BV11: 186 | BW11: 207186 | BX11: 206889 | BY11: 213782 | BZ11: 206882 | CA11: 4000 | CB11: 0 | CD11: 4000 | CE11: -14 | CF11: 215856 | CG11: 0 | CH11: 215856 | CI11: 14 | CJ11: 211970 | CK11: 0 | CL11: 100 | CN11: 0 | CO11: 0 | CP11: 211856 | CQ11: 215856 | CR11: 211956 | CS11: 15 | CT11: 4 | CU11: 0 | CV11: 9 | CW11: 10 | CX11: 1 | CY11: 2 | CZ11: 3 | DA11: 4 | DB11: 5 | DC11: 6 | DD11: 7 | DE11: 8 | DF11: $0.01 each? | DG11: aptTrialProc | DH11: aptTrials | DI11: 0 | DJ11: 0 | DK11: 204965 | DL11: 9 | DM11: 204965 | DN11: 66 | DO11: 7000 | DP11: 0 | DR11: 7000 | DS11: -2361 | DT11: 211856 | DU11: 0 | DV11: 211856 | DW11: 2361 | DX11: 207317 | DY11: 4653 | DZ11: 100 | EB11: 0 | EC11: 0 | ED11: 207190 | EE11: 211856 | EF11: 204956 | EG11: 10
A12: R01_NE_APT Run 1_Penultimate Prices EP3_Mar22 | B12: 1092 | C12: 1 | D12: <?xml version="1.0"?>\n<Clock xmlns:dt="urn:schemas-microsoft-com:datatypes"><Description dt:dt="string">E-Prime Primary Realtime Clock</Description><StartTime><Timestamp dt:dt="int">0</Timestamp><DateUtc dt:dt="string">2022-09-02T18:11:32Z</DateUtc></StartTime><FrequencyChanges><FrequencyChange><Frequency dt:dt="r8">2531396</Frequency><Timestamp dt:dt="r8">29499780309938</Timestamp><Current dt:dt="r8">0</Current><DateUtc dt:dt="string">2022-09-02T18:11:32Z</DateUtc></FrequencyChange></FrequencyChanges></Clock>\n | E12: R01_NE_APT Run 1_Penultimate Prices EP3_Mar22-01092-1 | F12: 59.954 | G12: 1.0.0.107 | H12: 1 | I12: 6000 | J12: -43 | K12: 0 | L12: 39856 | M12: 43 | N12: 33999 | O12: 5971 | Q12: 0 | R12: 0 | S12: 1945214817 | T12: Full | U12: 3.0.3.80 | V12: 3.0.3.80 | W12: 44806 | X12: 44806.758 | Y12: 0.59135417 | Z12: 3.0.3.82 | AA12: Keyboard | AB12: -1 | AC12: -999999 | AD12: 33956 | AE12: 46 | AF12: 14951 | AG12: 0 | AH12: 5 | AI12: 19005 | AJ12: 33956 | AK12: 11 | AL12: 11 | AM12: 1 | AN12: 11 | AO12: 2 | AP12: ? | AQ12: 4000 | AR12: 0 | AT12: 4000 | AU12: 0 | AV12: 219856 | AW12: 0 | AX12: 219856 | AY12: 0 | AZ12: 215956 | BA12: 4004 | BB12: 100 | BD12: 0 | BE12: 0 | BF12: 215861 | BG12: 219856 | BH12: 215956 | BI12: 7000 | BJ12: 0 | BL12: Keyboard | BM12: 7000 | BN12: -999999 | BO12: 223289 | BP12: 223289 | BQ12: 54 | BR12: 222895 | BS12: 0 | BT12: 100 | BU12: 1 | BV12: 394 | BW12: 223289 | BX12: 222846 | BY12: 229741 | BZ12: 222841 | CA12: 4000 | CB12: 0 | CD12: 4000 | CE12: -9 | CF12: 230856 | CG12: 0 | CH12: 230856 | CI12: 9 | CJ12: 226965 | CK12: 0 | CL12: 100 | CN12: 0 | CO12: 0 | CP12: 226856 | CQ12: 230856 | CR12: 226956 | CS12: 15 | CT12: 4 | CU12: 0 | CV12: 9 | CW12: 10 | CX12: 1 | CY12: 2 | CZ12: 3 | DA12: 4 | DB12: 5 | DC12: 6 | DD12: 7 | DE12: 8 | DF12: $30.00 each? | DG12: aptTrialProc | DH12: aptTrials | DI12: 0 | DJ12: 0 | DK12: 219960 | DL12: 4 | DM12: 219960 | DN12: 66 | DO12: 7000 | DP12: 0 | DR12: 7000 | DS12: -3389 | DT12: 226856 | DU12: 0 | DV12: 226856 | DW12: 3389 | DX12: 223345 | DY12: 3620 | DZ12: 100 | EB12: 0 | EC12: 0 | ED12: 223291 | EE12: 226856 | EF12: 219956 | EG12: 11
A13: R01_NE_APT Run 1_Penultimate Prices EP3_Mar22 | B13: 1092 | C13: 1 | D13: <?xml version="1.0"?>\n<Clock xmlns:dt="urn:schemas-microsoft-com:datatypes"><Description dt:dt="string">E-Prime Primary Realtime Clock</Description><StartTime><Timestamp dt:dt="int">0</Timestamp><DateUtc dt:dt="string">2022-09-02T18:11:32Z</DateUtc></StartTime><FrequencyChanges><FrequencyChange><Frequency dt:dt="r8">2531396</Frequency><Timestamp dt:dt="r8">29499780309938</Timestamp><Current dt:dt="r8">0</Current><DateUtc dt:dt="string">2022-09-02T18:11:32Z</DateUtc></FrequencyChange></FrequencyChanges></Clock>\n | E13: R01_NE_APT Run 1_Penultimate Prices EP3_Mar22-01092-1 | F13: 59.954 | G13: 1.0.0.107 | H13: 1 | I13: 6000 | J13: -43 | K13: 0 | L13: 39856 | M13: 43 | N13: 33999 | O13: 5971 | Q13: 0 | R13: 0 | S13: 1945214817 | T13: Full | U13: 3.0.3.80 | V13: 3.0.3.80 | W13: 44806 | X13: 44806.758 | Y13: 0.59135417 | Z13: 3.0.3.82 | AA13: Keyboard | AB13: -1 | AC13: -999999 | AD13: 33956 | AE13: 46 | AF13: 14951 | AG13: 0 | AH13: 5 | AI13: 19005 | AJ13: 33956 | AK13: 12 | AL13: 12 | AM13: 1 | AN13: 12 | AO13: 10 | AP13: ? | AQ13: 4000 | AR13: 0 | AT13: 4000 | AU13: -12 | AV13: 234856 | AW13: 0 | AX13: 234856 | AY13: 12 | AZ13: 230968 | BA13: 4003 | BB13: 100 | BD13: 0 | BE13: 0 | BF13: 230861 | BG13: 234856 | BH13: 230956 | BI13: 7000 | BJ13: 0 | BL13: Keyboard | BM13: 7000 | BN13: -999999 | BO13: 237136 | BP13: 237136 | BQ13: 65 | BR13: 236889 | BS13: 0 | BT13: 100 | BU13: 1 | BV13: 247 | BW13: 237136 | BX13: 236829 | BY13: 243724 | BZ13: 236824 | CA13: 2000 | CB13: 0 | CD13: 2000 | CE13: -4 | CF13: 243856 | CG13: 0 | CH13: 243856 | CI13: 4 | CJ13: 241960 | CK13: 0 | CL13: 100 | CN13: 0 | CO13: 0 | CP13: 241856 | CQ13: 243856 | CR13: 241956 | CS13: 15 | CT13: 4 | CU13: 0 | CV13: 9 | CW13: 10 | CX13: 1 | CY13: 2 | CZ13: 3 | DA13: 4 | DB13: 5 | DC13: 6 | DD13: 7 | DE13: 8 | DF13: $0.02 each? | DG13: aptTrialProc | DH13: aptTrials | DI13: 0 | DJ13: 0 | DK13: 234971 | DL13: 15 | DM13: 234971 | DN13: 50 | DO13: 7000 | DP13: 0 | DR13: 7000 | DS13: -2234 | DT13: 241856 | DU13: 0 | DV13: 241856 | DW13: 2234 | DX13: 237190 | DY13: 4770 | DZ13: 100 | EB13: 0 | EC13: 0 | ED13: 237139 | EE13: 241856 | EF13: 234956 | EG13: 12
... A31: R01_NE_APT Run 1_Penultimate Prices EP3_Mar22 | B31: 1092 | C31: 1 | D31: <?xml version="1.0"?>\n<Clock xmlns:dt="urn:schemas-microsoft-com:datatypes"><Description dt:dt="string">E-Prime Primary Realtime Clock</Description><StartTime><Timestamp dt:dt="int">0</Timestamp><DateUtc dt:dt="string">2022-09-02T18:11:32Z</DateUtc></StartTime><FrequencyChanges><FrequencyChange><Frequency dt:dt="r8">2531396</Frequency><Timestamp dt:dt="r8">29499780309938</Timestamp><Current dt:dt="r8">0</Current><DateUtc dt:dt="string">2022-09-02T18:11:32Z</DateUtc></FrequencyChange></FrequencyChanges></Clock>\n | E31: R01_NE_APT Run 1_Penultimate Prices EP3_Mar22-01092-1 | F31: 59.954 | G31: 1.0.0.107 | H31: 1 | I31: 6000 | J31: -43 | K31: 0 | L31: 39856 | M31: 43 | N31: 33999 | O31: 5971 | Q31: 0 | R31: 0 | S31: 1945214817 | T31: Full | U31: 3.0.3.80 | V31: 3.0.3.80 | W31: 44806 | X31: 44806.758 | Y31: 0.59135417 | Z31: 3.0.3.82 | AA31: Keyboard | AB31: -1 | AC31: -999999 | AD31: 33956 | AE31: 46 | AF31: 14951 | AG31: 0 | AH31: 5 | AI31: 19005 | AJ31: 33956 | AK31: 30 | AL31: 30 | AM31: 1 | AN31: 30 | AO31: 5 | AP31: ? | AQ31: 4000 | AR31: 0 | AT31: 4000 | AU31: -4 | AV31: 526856 | AW31: 0 | AX31: 526856 | AY31: 4 | AZ31: 522960 | BA31: 4003 | BB31: 100 | BD31: 0 | BE31: 0 | BF31: 522864 | BG31: 526856 | BH31: 522956 | BI31: 7000 | BJ31: 0 | BL31: Keyboard | BM31: 7000 | BN31: -999999 | BO31: 528864 | BP31: 528863 | BQ31: 49 | BR31: 527497 | BS31: 0 | BT31: 100 | BU31: 1 | BV31: 1366 | BW31: 528863 | BX31: 527451 | BY31: 534348 | BZ31: 527448 | CA31: 4000 | CB31: 0 | CD31: 4000 | CE31: -13 | CF31: 537856 | CG31: 0 | CH31: 537856 | CI31: 13 | CJ31: 533969 | CK31: 0 | CL31: 100 | CN31: 0 | CO31: 0 | CP31: 533856 | CQ31: 537856 | CR31: 533956 | CS31: 15 | CT31: 4 | CU31: 0 | CV31: 9 | CW31: 10 | CX31: 1 | CY31: 2 | CZ31: 3 | DA31: 4 | DB31: 5 | DC31: 6 | DD31: 7 | DE31: 8 | DF31: $15.00 each? | DG31: aptTrialProc | DH31: aptTrials | DI31: 0 | DJ31: 0 | DK31: 526963 | DL31: 7 | DM31: 526963 | DN31: 51 | DO31: 7000 | DP31: 0 | DR31: 7000 | DS31: -1942 | DT31: 533856 | DU31: 0 | DV31: 533856 | DW31: 1942 | DX31: 528898 | DY31: 5071 | DZ31: 100 | EB31: 0 | EC31: 0 | ED31: 528866 | EE31: 533856 | EF31: 526956 | EG31: 30

Sheet Check This Tab!
B1: Run1
A2: price | B2: aptTrials | C2: Choice | D2: Max | E2: type | G2: Ambivalent | H2: Approach | I2: Avoid
A3: 0.01 | B3: 1 | C3: ='R1_Specifics'!D3 -> 10 | D3: ='R1_Sequential'!F$6 -> 10 | E3: =IF(C3<>"xxx",IF(C3=D3,"Approach",IF(C3<>0,"Ambivalent","Avoid")),"Missing") -> Approach | G3: =COUNTIF(E3:E32,"Ambivalent") -> 15 | H3: =COUNTIF(E3:E32,"Approach") -> 11 | I3: =COUNTIF(E3:E32,"Avoid") -> 4
A4: 5 | B4: 2 | C4: ='R1_Specifics'!D4 -> 10 | D4: ='R1_Sequential'!F$6 -> 10 | E4: =IF(C4<>"xxx",IF(C4=D4,"Approach",IF(C4<>0,"Ambivalent","Avoid")),"Missing") -> Approach
A5: 50 | B5: 3 | C5: ='R1_Specifics'!D5 -> 1 | D5: ='R1_Sequential'!F$6 -> 10 | E5: =IF(C5<>"xxx",IF(C5=D5,"Approach",IF(C5<>0,"Ambivalent","Avoid")),"Missing") -> Ambivalent
A6: 0 | B6: 4 | C6: ='R1_Specifics'!D6 -> 10 | D6: ='R1_Sequential'!F$6 -> 10 | E6: =IF(C6<>"xxx",IF(C6=D6,"Approach",IF(C6<>0,"Ambivalent","Avoid")),"Missing") -> Approach
A7: 15 | B7: 5 | C7: ='R1_Specifics'!D7 -> 5 | D7: ='R1_Sequential'!F$6 -> 10 | E7: =IF(C7<>"xxx",IF(C7=D7,"Approach",IF(C7<>0,"Ambivalent","Avoid")),"Missing") -> Ambivalent
A8: 0.05 | B8: 6 | C8: ='R1_Specifics'!D8 -> 10 | D8: ='R1_Sequential'!F$6 -> 10 | E8: =IF(C8<>"xxx",IF(C8=D8,"Approach",IF(C8<>0,"Ambivalent","Avoid")),"Missing") -> Approach
A9: 40 | B9: 7 | C9: ='R1_Specifics'!D9 -> 2 | D9: ='R1_Sequential'!F$6 -> 10 | E9: =IF(C9<>"xxx",IF(C9=D9,"Approach",IF(C9<>0,"Ambivalent","Avoid")),"Missing") -> Ambivalent
A10: 13 | B10: 8 | C10: ='R1_Specifics'!D10 -> 6 | D10: ='R1_Sequential'!F$6 -> 10 | E10: =IF(C10<>"xxx",IF(C10=D10,"Approach",IF(C10<>0,"Ambivalent","Avoid")),"Missing") -> Ambivalent
A11: 80 | B11: 9 | C11: ='R1_Specifics'!D11 -> 0 | D11: ='R1_Sequential'!F$6 -> 10 | E11: =IF(C11<>"xxx",IF(C11=D11,"Approach",IF(C11<>0,"Ambivalent","Avoid")),"Missing") -> Avoid
A12: 0.01 | B12: 10 | C12: ='R1_Specifics'!D12 -> 10 | D12: ='R1_Sequential'!F$6 -> 10 | E12: =IF(C12<>"xxx",IF(C12=D12,"Approach",IF(C12<>0,"Ambivalent","Avoid")),"Missing") -> Approach
A13: 30 | B13: 11 | C13: ='R1_Specifics'!D13 -> 2 | D13: ='R1_Sequential'!F$6 -> 10 | E13: =IF(C13<>"xxx",IF(C13=D13,"Approach",IF(C13<>0,"Ambivalent","Avoid")),"Missing") -> Ambivalent
A14: 0.02 | B14: 12 | C14: ='R1_Specifics'!D14 -> 10 | D14: ='R1_Sequential'!F$6 -> 10 | E14: =IF(C14<>"xxx",IF(C14=D14,"Approach",IF(C14<>0,"Ambivalent","Avoid")),"Missing") -> Approach
A15: 9 | B15: 13 | C15: ='R1_Specifics'!D15 -> 8 | D15: ='R1_Sequential'!F$6 -> 10 | E15: =IF(C15<>"xxx",IF(C15=D15,"Approach",IF(C15<>0,"Ambivalent","Avoid")),"Missing") -> Ambivalent
... A19: 0.04 | B19: 17 | C19: ='R1_Specifics'!D19 -> 10 | D19: ='R1_Sequential'!F$6 -> 10 | E19: =IF(C19<>"xxx",IF(C19=D19,"Approach",IF(C19<>0,"Ambivalent","Avoid")),"Missing") -> Approach
A20: 9 | B20: 18 | C20: ='R1_Specifics'!D20 -> 8 | D20: ='R1_Sequential'!F$6 -> 10 | E20: =IF(C20<>"xxx",IF(C20=D20,"Approach",IF(C20<>0,"Ambivalent","Avoid")),"Missing") -> Ambivalent | G20: Run 3 | H20: {=_xlfn.IFS(H3<=4,"Oversample Low",I3<=4,"Oversample High")} -> Oversample High
A21: 60 | B21: 19 | C21: ='R1_Specifics'!D21 -> 1 | D21: ='R1_Sequential'!F$6 -> 10 | E21: =IF(C21<>"xxx",IF(C21=D21,"Approach",IF(C21<>0,"Ambivalent","Avoid")),"Missing") -> Ambivalent | H21: ***If NA = Use Normal
A22: 7 | B22: 20 | C22: ='R1_Specifics'!D22 -> 8 | D22: ='R1_Sequential'!F$6 -> 10 | E22: =IF(C22<>"xxx",IF(C22=D22,"Approach",IF(C22<>0,"Ambivalent","Avoid")),"Missing") -> Ambivalent
A23: 40 | B23: 21 | C23: ='R1_Specifics'!D23 -> 2 | D23: ='R1_Sequential'!F$6 -> 10 | E23: =IF(C23<>"xxx",IF(C23=D23,"Approach",IF(C23<>0,"Ambivalent","Avoid")),"Missing") -> Ambivalent
A24: 7 | B24: 22 | C24: ='R1_Specifics'!D24 -> 8 | D24: ='R1_Sequential'!F$6 -> 10 | E24: =IF(C24<>"xxx",IF(C24=D24,"Approach",IF(C24<>0,"Ambivalent","Avoid")),"Missing") -> Ambivalent
A25: 0 | B25: 23 | C25: ='R1_Specifics'!D25 -> 10 | D25: ='R1_Sequential'!F$6 -> 10 | E25: =IF(C25<>"xxx",IF(C25=D25,"Approach",IF(C25<>0,"Ambivalent","Avoid")),"Missing") -> Approach
A26: 11 | B26: 24 | C26: ='R1_Specifics'!D26 -> 7 | D26: ='R1_Sequential'!F$6 -> 10 | E26: =IF(C26<>"xxx",IF(C26=D26,"Approach",IF(C26<>0,"Ambivalent","Avoid")),"Missing") -> Ambivalent
A27: 30 | B27: 25 | C27: ='R1_Specifics'!D27 -> 2 | D27: ='R1_Sequential'!F$6 -> 10 | E27: =IF(C27<>"xxx",IF(C27=D27,"Approach",IF(C27<>0,"Ambivalent","Avoid")),"Missing") -> Ambivalent
A28: 0.03 | B28: 26 | C28: ='R1_Specifics'!D28 -> 10 | D28: ='R1_Sequential'!F$6 -> 10 | E28: =IF(C28<>"xxx",IF(C28=D28,"Approach",IF(C28<>0,"Ambivalent","Avoid")),"Missing") -> Approach
A29: 60 | B29: 27 | C29: ='R1_Specifics'!D29 -> 0 | D29: ='R1_Sequential'!F$6 -> 10 | E29: =IF(C29<>"xxx",IF(C29=D29,"Approach",IF(C29<>0,"Ambivalent","Avoid")),"Missing") -> Avoid
A30: 0.02 | B30: 28 | C30: ='R1_Specifics'!D30 -> 10 | D30: ='R1_Sequential'!F$6 -> 10 | E30: =IF(C30<>"xxx",IF(C30=D30,"Approach",IF(C30<>0,"Ambivalent","Avoid")),"Missing") -> Approach
A31: 70 | B31: 29 | C31: ='R1_Specifics'!D31 -> 0 | D31: ='R1_Sequential'!F$6 -> 10 | E31: =IF(C31<>"xxx",IF(C31=D31,"Approach",IF(C31<>0,"Ambivalent","Avoid")),"Missing") -> Avoid
A32: 15 | B32: 30 | C32: ='R1_Specifics'!D32 -> 5 | D32: ='R1_Sequential'!F$6 -> 10 | E32: =IF(C32<>"xxx",IF(C32=D32,"Approach",IF(C32<>0,"Ambivalent","Avoid")),"Missing") -> Ambivalent

Sheet R1_Specifics
C1: Run1
A2: price | B2: error check | C2: apttrials | D2: Choice
A3: 0.01 | B3: $0.01 each? | C3: 1 | D3: =IF('Paste Run 1'!AO2="?","xxx",'Paste Run 1'!AO2) -> 10
A4: 5 | B4: $5.00 each? | C4: 2 | D4: =IF('Paste Run 1'!AO3="?","xxx",'Paste Run 1'!AO3) -> 10
A5: 50 | B5: $50.00 each? | C5: 3 | D5: =IF('Paste Run 1'!AO4="?","xxx",'Paste Run 1'!AO4) -> 1
A6: 0 | B6: $0.00 each? | C6: 4 | D6: =IF('Paste Run 1'!AO5="?","xxx",'Paste Run 1'!AO5) -> 10
A7: 15 | B7: $15.00 each? | C7: 5 | D7: =IF('Paste Run 1'!AO6="?","xxx",'Paste Run 1'!AO6) -> 5
A8: 0.05 | B8: $0.05 each? | C8: 6 | D8: =IF('Paste Run 1'!AO7="?","xxx",'Paste Run 1'!AO7) -> 10
A9: 40 | B9: $40.00 each? | C9: 7 | D9: =IF('Paste Run 1'!AO8="?","xxx",'Paste Run 1'!AO8) -> 2
A10: 13 | B10: $13.00 each? | C10: 8 | D10: =IF('Paste Run 1'!AO9="?","xxx",'Paste Run 1'!AO9) -> 6
A11: 80 | B11: $80.00 each? | C11: 9 | D11: =IF('Paste Run 1'!AO10="?","xxx",'Paste Run 1'!AO10) -> 0
A12: 0.01 | B12: $0.01 each? | C12: 10 | D12: =IF('Paste Run 1'!AO11="?","xxx",'Paste Run 1'!AO11) -> 10
A13: 30 | B13: $30.00 each? | C13: 11 | D13: =IF('Paste Run 1'!AO12="?","xxx",'Paste Run 1'!AO12) -> 2
A14: 0.02 | B14: $0.02 each? | C14: 12 | D14: =IF('Paste Run 1'!AO13="?","xxx",'Paste Run 1'!AO13) -> 10
... A32: 15 | B32: $15.00 each? | C32: 30 | D32: =IF('Paste Run 1'!AO31="?","xxx",'Paste Run 1'!AO31) -> 5

Sheet R1_Sequential
C1: Run1
A2: aptTrials | B2: price | C2: Consumption | D2: Expenditure
A3: 4 | B3: 0 | C3: ='R1_Specifics'!D25 -> 10 | D3: =B3*C3 -> 0
A4: 23 | B4: 0 | C4: ='R1_Specifics'!D6 -> 10 | D4: =B4*C4 -> 0
A5: 1 | B5: 0.01 | C5: ='R1_Specifics'!D3 -> 10 | D5: =B5*C5 -> 0.1 | F5: MaxCons
A6: 10 | B6: 0.01 | C6: ='R1_Specifics'!D12 -> 10 | D6: =B6*C6 -> 0.1 | F6: =MAX(C5:C32) -> 10
A7: 12 | B7: 0.02 | C7: ='R1_Specifics'!D14 -> 10 | D7: =B7*C7 -> 0.2
A8: 28 | B8: 0.02 | C8: ='R1_Specifics'!D30 -> 10 | D8: =B8*C8 -> 0.2
A9: 26 | B9: 0.03 | C9: ='R1_Specifics'!D28 -> 10 | D9: =B9*C9 -> 0.3
A10: 17 | B10: 0.04 | C10: ='R1_Specifics'!D19 -> 10 | D10: =B10*C10 -> 0.4
A11: 6 | B11: 0.05 | C11: ='R1_Specifics'!D8 -> 10 | D11: =B11*C11 -> 0.5
A12: 14 | B12: 0.05 | C12: ='R1_Specifics'!D16 -> 10 | D12: =B12*C12 -> 0.5
A13: 2 | B13: 5 | C13: ='R1_Specifics'!D4 -> 10 | D13: =B13*C13 -> 50
A14: 20 | B14: 7 | C14: ='R1_Specifics'!D22 -> 8 | D14: =B14*C14 -> 56
A15: 22 | B15: 7 | C15: ='R1_Specifics'!D24 -> 8 | D15: =B15*C15 -> 56
A16: 13 | B16: 9 | C16: ='R1_Specifics'!D15 -> 8 | D16: =B16*C16 -> 72
A17: 18 | B17: 9 | C17: ='R1_Specifics'!D20 -> 8 | D17: =B17*C17 -> 72
A18: 24 | B18: 11 | C18: ='R1_Specifics'!D26 -> 7 | D18: =B18*C18 -> 77
A19: 8 | B19: 13 | C19: ='R1_Specifics'!D10 -> 6 | D19: =B19*C19 -> 78
A20: 16 | B20: 13 | C20: ='R1_Specifics'!D18 -> 6 | D20: =B20*C20 -> 78
A21: 5 | B21: 15 | C21: ='R1_Specifics'!D7 -> 5 | D21: =B21*C21 -> 75
A22: 30 | B22: 15 | C22: ='R1_Specifics'!D32 -> 5 | D22: =B22*C22 -> 75
A23: 11 | B23: 30 | C23: ='R1_Specifics'!D13 -> 2 | D23: =B23*C23 -> 60
A24: 25 | B24: 30 | C24: ='R1_Specifics'!D27 -> 2 | D24: =B24*C24 -> 60
A25: 7 | B25: 40 | C25: ='R1_Specifics'!D9 -> 2 | D25: =B25*C25 -> 80
A26: 21 | B26: 40 | C26: ='R1_Specifics'!D23 -> 2 | D26: =B26*C26 -> 80
A27: 3 | B27: 50 | C27: ='R1_Specifics'!D5 -> 1 | D27: =B27*C27 -> 50
A28: 19 | B28: 60 | C28: ='R1_Specifics'!D21 -> 1 | D28: =B28*C28 -> 60
A29: 27 | B29: 60 | C29: ='R1_Specifics'!D29 -> 0 | D29: =B29*C29 -> 0
A30: 15 | B30: 70 | C30: ='R1_Specifics'!D17 -> 0 | D30: =B30*C30 -> 0
A31: 29 | B31: 70 | C31: ='R1_Specifics'!D31 -> 0 | D31: =B31*C31 -> 0
A32: 9 | B32: 80 | C32: ='R1_Specifics'!D11 -> 0 | D32: =B32*C32 -> 0
